time_s,valid,x_m,y_m,vx_ms,vy_ms,pass_id
0.0,0,,,,,
0.033,0,,,,,
0.067,0,,,,,
0.1,0,,,,,
0.133,0,,,,,
0.167,0,,,,,
0.2,0,,,,,
0.233,0,,,,,
0.267,0,,,,,
0.3,0,,,,,
0.333,0,,,,,
0.367,0,,,,,
0.4,0,,,,,
0.433,0,,,,,
0.467,0,,,,,
0.5,0,,,,,
0.533,0,,,,,
0.567,0,,,,,
0.6,0,,,,,
0.633,0,,,,,
0.667,0,,,,,
0.7,0,,,,,
0.733,0,,,,,
0.767,0,,,,,
0.8,0,,,,,
0.833,0,,,,,
0.867,0,,,,,
0.9,0,,,,,
0.933,0,,,,,
0.967,0,,,,,
1.0,0,,,,,
1.033,0,,,,,
1.067,0,,,,,
1.1,0,,,,,
1.133,0,,,,,
1.167,0,,,,,
1.2,0,,,,,
1.233,0,,,,,
1.267,0,,,,,
1.3,0,,,,,
1.333,0,,,,,
1.367,0,,,,,
1.4,0,,,,,
1.433,0,,,,,
1.467,0,,,,,
1.5,0,,,,,
1.533,0,,,,,
1.567,0,,,,,
1.6,0,,,,,
1.633,0,,,,,
1.667,0,,,,,
1.7,0,,,,,
1.733,0,,,,,
1.767,0,,,,,
1.8,0,,,,,
1.833,0,,,,,
1.867,0,,,,,
1.9,0,,,,,
1.933,0,,,,,
1.967,0,,,,,
2.0,0,,,,,
2.033,0,,,,,
2.067,0,,,,,
2.1,0,,,,,
2.133,0,,,,,
2.167,0,,,,,
2.2,0,,,,,
2.233,0,,,,,
2.267,0,,,,,
2.3,0,,,,,
2.333,0,,,,,
2.367,0,,,,,
2.4,0,,,,,
2.433,0,,,,,
2.467,0,,,,,
2.5,0,,,,,
2.533,0,,,,,
2.567,0,,,,,
2.6,0,,,,,
2.633,0,,,,,
2.667,0,,,,,
2.7,0,,,,,
2.733,0,,,,,
2.767,0,,,,,
2.8,0,,,,,
2.833,0,,,,,
2.867,0,,,,,
2.9,0,,,,,
2.933,0,,,,,
2.967,0,,,,,
3.0,1,-9.9,15.36,0.0,0.0,
3.033,1,-9.98,15.12,-1.57,-6.75,0
3.067,1,-10.1,14.64,-1.57,-6.75,0
3.1,1,-10.27,14.21,-1.57,-6.75,0
3.133,1,-10.39,13.82,-1.57,-6.75,0
3.167,1,-10.54,13.43,-1.57,-6.75,0
3.2,1,-10.7,12.98,-1.57,-6.75,0
3.233,1,-10.82,12.58,-1.57,-6.75,0
3.267,1,-10.94,12.24,-1.57,-6.75,0
3.3,1,-11.07,11.9,-1.57,-6.75,0
3.333,1,-11.18,11.66,-1.57,-6.75,0
3.367,1,-11.31,11.31,-1.57,-6.75,0
3.4,1,-11.45,10.9,-1.57,-6.75,0
3.433,1,-11.56,10.6,-1.57,-6.75,0
3.467,1,-11.67,10.29,-1.57,-6.75,0
3.5,1,-11.8,9.96,-1.57,-6.75,0
3.533,1,-11.89,9.71,-1.57,-6.75,0
3.567,1,-12.01,9.4,-1.57,-6.75,0
3.6,1,-12.16,8.91,-1.57,-6.75,0
3.633,1,-12.28,8.5,-1.57,-6.75,0
3.667,1,-12.37,8.12,-1.57,-6.75,0
3.7,1,-12.47,7.71,-1.57,-6.75,0
3.733,1,-12.55,7.48,-1.57,-6.75,0
3.767,1,-12.63,7.27,-1.57,-6.75,0
3.8,1,-12.72,7.02,-1.57,-6.75,0
3.833,1,-12.8,6.82,-1.57,-6.75,0
3.867,1,-12.9,6.54,-1.57,-6.75,0
3.9,1,-12.95,6.38,-1.57,-6.75,0
3.933,1,-12.95,6.27,-1.57,-6.75,0
3.967,1,-12.9,6.26,-1.57,-6.75,0
4.0,1,-12.83,6.18,-1.57,-6.75,0
4.033,1,-12.77,6.15,-1.57,-6.75,0
4.067,1,-12.71,6.05,-1.57,-6.75,0
4.1,1,-12.65,5.95,-1.57,-6.75,0
4.133,1,-12.59,5.9,-1.57,-6.75,0
4.167,1,-12.56,5.79,-1.57,-6.75,0
4.2,1,-12.52,5.77,-1.57,-6.75,0
4.233,1,-12.49,5.77,-1.57,-6.75,0
4.267,1,-12.46,5.68,-1.57,-6.75,0
4.3,1,-12.44,5.57,-1.57,-6.75,0
4.333,1,-12.41,5.5,-1.57,-6.75,0
4.367,1,-12.38,5.44,-1.57,-6.75,0
4.4,1,-12.35,5.4,-1.57,-6.75,0
4.433,1,-12.33,5.34,-1.57,-6.75,0
4.467,1,-12.32,5.21,-1.57,-6.75,0
4.5,1,-12.28,5.08,-1.57,-6.75,0
4.533,1,-12.23,5.04,2.19,-1.85,1
4.567,1,-12.21,4.95,2.19,-1.85,1
4.6,1,-12.17,4.88,2.19,-1.85,1
4.633,1,-12.14,4.83,2.19,-1.85,1
4.667,1,-12.06,5.05,2.19,-1.85,1
4.7,1,-11.99,5.15,2.19,-1.85,1
4.733,1,-11.96,5.18,2.19,-1.85,1
4.767,1,-11.94,5.04,2.19,-1.85,1
4.8,1,-11.91,5.0,2.19,-1.85,1
4.833,1,-11.89,5.02,2.19,-1.85,1
4.867,1,-11.87,4.87,2.19,-1.85,1
4.9,1,-11.8,4.77,2.19,-1.85,1
4.933,1,-11.75,4.72,2.19,-1.85,1
4.967,1,-11.63,4.67,2.19,-1.85,1
5.0,1,-11.5,4.55,2.19,-1.85,1
5.033,1,-11.38,4.52,2.19,-1.85,1
5.067,1,-11.26,4.45,2.19,-1.85,1
5.1,1,-11.13,4.42,2.19,-1.85,1
5.133,1,-11.05,4.31,2.19,-1.85,1
5.167,1,-10.97,4.15,2.19,-1.85,1
5.2,1,-10.87,4.14,2.19,-1.85,1
5.233,1,-10.78,4.21,2.19,-1.85,1
5.267,1,-10.68,4.24,2.19,-1.85,1
5.3,1,-10.61,4.14,2.19,-1.85,1
5.333,1,-10.53,4.11,2.19,-1.85,1
5.367,1,-10.46,4.04,2.19,-1.85,1
5.4,1,-10.4,3.91,2.19,-1.85,1
5.433,1,-10.33,3.83,2.19,-1.85,1
5.467,1,-10.27,3.75,2.19,-1.85,1
5.5,1,-10.19,3.68,2.19,-1.85,1
5.533,1,-10.13,3.62,2.19,-1.85,1
5.567,1,-10.06,3.5,2.19,-1.85,1
5.6,1,-9.97,3.44,2.19,-1.85,1
5.633,1,-9.9,3.47,2.19,-1.85,1
5.667,1,-9.87,3.21,2.19,-1.85,1
5.7,1,-9.81,2.99,2.19,-1.85,1
5.733,1,-9.76,2.89,2.19,-1.85,1
5.767,1,-9.69,2.82,2.19,-1.85,1
5.8,1,-9.62,2.72,2.19,-1.85,1
5.833,1,-9.56,2.74,2.19,-1.85,1
5.867,1,-9.49,2.74,2.19,-1.85,1
5.9,1,-9.4,2.66,2.19,-1.85,1
5.933,1,-9.34,2.72,2.19,-1.85,1
5.967,1,-9.27,2.68,2.19,-1.85,1
6.0,1,-9.21,2.69,2.19,-1.85,1
6.033,1,-9.16,2.58,2.19,-1.85,1
6.067,1,-9.1,2.53,1.8,-1.35,
6.1,1,-9.04,2.49,1.8,-1.35,
6.133,1,-8.98,2.44,1.8,-1.35,
6.167,1,-8.92,2.4,1.8,-1.35,
6.2,1,-8.86,2.35,1.8,-1.35,
6.233,0,,,,,
6.267,1,-8.65,2.29,2.4,-0.88,2
6.3,1,-8.54,2.44,2.4,-0.88,2
6.333,1,-8.51,2.37,2.4,-0.88,2
6.367,1,-8.44,2.64,2.4,-0.88,2
6.4,1,-8.36,2.51,2.4,-0.88,2
6.433,1,-8.29,2.52,2.4,-0.88,2
6.467,1,-8.23,2.32,2.4,-0.88,2
6.5,1,-8.12,2.26,2.4,-0.88,2
6.533,1,-8.0,2.18,2.4,-0.88,2
6.567,1,-7.86,2.32,4.76,2.56,3
6.6,1,-7.66,2.43,4.76,2.56,3
6.633,1,-7.52,2.46,4.76,2.56,3
6.667,1,-7.31,2.76,4.76,2.56,3
6.7,1,-7.13,2.91,4.76,2.56,3
6.733,1,-7.0,2.99,4.76,2.56,3
6.767,1,-6.84,3.08,4.76,2.56,3
6.8,1,-6.66,3.2,4.76,2.56,3
6.833,1,-6.51,3.27,4.76,2.56,3
6.867,1,-6.37,3.35,4.76,2.56,3
6.9,1,-6.22,3.38,4.76,2.56,3
6.933,1,-6.11,3.46,4.76,2.56,3
6.967,1,-5.97,3.51,4.76,2.56,3
7.0,1,-5.82,3.63,4.76,2.56,3
7.033,1,-5.7,3.72,4.76,2.56,3
7.067,1,-5.57,3.8,4.76,2.56,3
7.1,1,-5.45,3.85,4.76,2.56,3
7.133,1,-5.36,3.89,4.76,2.56,3
7.167,1,-5.25,3.92,4.76,2.56,3
7.2,1,-5.15,3.91,4.76,2.56,3
7.233,1,-5.06,3.95,4.76,2.56,3
7.267,1,-4.96,3.96,4.76,2.56,3
7.3,1,-4.85,4.03,4.76,2.56,3
7.333,1,-4.74,4.09,4.76,2.56,3
7.367,1,-4.59,4.16,4.76,2.56,3
7.4,1,-4.37,4.24,4.76,2.56,3
7.433,1,-4.2,4.34,4.76,2.56,3
7.467,1,-3.99,4.43,4.76,2.56,3
7.5,1,-3.77,4.52,4.76,2.56,3
7.533,1,-3.6,4.58,4.76,2.56,3
7.567,1,-3.4,4.69,4.76,2.56,3
7.6,1,-3.2,4.84,4.76,2.56,3
7.633,1,-3.04,4.94,4.76,2.56,3
7.667,1,-2.86,5.03,4.76,2.56,3
7.7,1,-2.68,5.11,4.76,2.56,3
7.733,1,-2.54,5.14,4.76,2.56,3
7.767,1,-2.39,5.21,4.76,2.56,3
7.8,1,-2.23,5.28,4.76,2.56,3
7.833,1,-2.11,5.34,4.76,2.56,3
7.867,1,-1.97,5.37,4.76,2.56,3
7.9,1,-1.82,5.46,4.76,2.56,3
7.933,1,-1.71,5.43,4.76,2.56,3
7.967,1,-1.56,5.53,4.76,2.56,3
8.0,1,-1.38,5.62,4.76,2.56,3
8.033,1,-1.23,5.73,4.76,2.56,3
8.067,1,-1.04,5.82,4.76,2.56,3
8.1,1,-0.85,5.94,4.76,2.56,3
8.133,1,-0.7,6.04,4.76,2.56,3
8.167,1,-0.53,6.11,4.76,2.56,3
8.2,1,-0.35,6.25,4.76,2.56,3
8.233,1,-0.21,6.31,4.76,2.56,3
8.267,1,-0.05,6.4,4.76,2.56,3
8.3,1,0.13,6.43,4.76,2.56,3
8.333,1,0.26,6.47,4.76,2.56,3
8.367,1,0.41,6.64,4.76,2.56,3
8.4,1,0.57,6.74,4.76,2.56,3
8.433,1,0.7,6.73,4.76,2.56,3
8.467,1,0.86,6.72,4.76,2.56,3
8.5,1,1.01,6.85,4.76,2.56,3
8.533,1,1.14,6.98,4.76,2.56,3
8.567,1,1.31,7.08,4.76,2.56,3
8.6,1,1.5,7.21,4.76,2.56,3
8.633,1,1.67,7.31,4.76,2.56,3
8.667,1,1.86,7.42,4.76,2.56,3
8.7,1,2.09,7.59,4.76,2.56,3
8.733,1,2.26,7.78,4.76,2.56,3
8.767,1,2.45,7.92,4.76,2.56,3
8.8,1,2.65,8.04,4.76,2.56,3
8.833,1,2.81,8.11,4.76,2.56,3
8.867,1,2.99,8.2,4.76,2.56,3
8.9,1,3.18,8.29,4.76,2.56,3
8.933,1,3.32,8.36,4.76,2.56,3
8.967,1,3.49,8.47,4.76,2.56,3
9.0,1,3.67,8.62,4.76,2.56,3
9.033,1,3.81,8.66,4.76,2.56,3
9.067,1,3.98,8.7,4.76,2.56,3
9.1,1,4.17,8.79,4.76,2.56,3
9.133,1,4.31,8.88,4.76,2.56,3
9.167,1,4.48,8.96,4.76,2.56,3
9.2,1,4.66,9.09,4.76,2.56,3
9.233,1,4.8,9.22,4.76,2.56,3
9.267,1,4.96,9.35,4.76,2.56,3
9.3,1,5.14,9.35,4.76,2.56,3
9.333,1,5.27,9.56,4.76,2.56,3
9.367,1,5.43,9.67,4.76,2.56,3
9.4,1,5.6,9.77,4.76,2.56,3
9.433,1,5.73,9.86,4.76,2.56,3
9.467,1,5.87,10.01,4.76,2.56,3
9.5,1,6.03,10.16,4.76,2.56,3
9.533,1,6.16,10.2,4.76,2.56,3
9.567,1,6.3,10.32,4.76,2.56,3
9.6,1,6.47,10.41,4.76,2.56,3
9.633,1,6.62,10.45,4.76,2.56,3
9.667,1,6.74,10.6,4.76,2.56,3
9.7,1,6.89,10.7,4.29,3.08,
9.733,1,7.03,10.8,4.29,3.08,
9.767,1,7.17,10.91,4.29,3.08,
9.8,1,7.31,11.01,4.29,3.08,
9.833,1,7.46,11.11,4.29,3.08,
9.867,0,,,,,
9.9,0,,,,,
9.933,0,,,,,
9.967,0,,,,,
10.0,0,,,,,
10.033,0,,,,,
10.067,0,,,,,
10.1,0,,,,,
10.133,0,,,,,
10.167,0,,,,,
10.2,0,,,,,
10.233,0,,,,,
10.267,0,,,,,
10.3,0,,,,,
10.333,0,,,,,
10.367,0,,,,,
10.4,0,,,,,
10.433,0,,,,,
10.467,0,,,,,
10.5,0,,,,,
10.533,0,,,,,
10.567,0,,,,,
10.6,0,,,,,
10.633,0,,,,,
10.667,0,,,,,
10.7,0,,,,,
10.733,0,,,,,
10.767,0,,,,,
10.8,0,,,,,
10.833,0,,,,,
10.867,0,,,,,
10.9,0,,,,,
10.933,0,,,,,
10.967,0,,,,,
11.0,0,,,,,
11.033,0,,,,,
11.067,0,,,,,
11.1,0,,,,,
11.133,0,,,,,
11.167,0,,,,,
11.2,0,,,,,
11.233,0,,,,,
11.267,0,,,,,
11.3,0,,,,,
11.333,0,,,,,
11.367,0,,,,,
11.4,0,,,,,
11.433,0,,,,,
11.467,0,,,,,
11.5,0,,,,,
11.533,0,,,,,
11.567,0,,,,,
11.6,0,,,,,
11.633,0,,,,,
11.667,0,,,,,
11.7,0,,,,,
11.733,0,,,,,
11.767,0,,,,,
11.8,0,,,,,
11.833,0,,,,,
11.867,0,,,,,
11.9,0,,,,,
11.933,0,,,,,
11.967,0,,,,,
12.0,0,,,,,
12.033,0,,,,,
12.067,0,,,,,
12.1,0,,,,,
12.133,1,17.3,28.24,0.08,0.08,4
12.167,1,17.21,28.49,0.08,0.08,4
12.2,1,17.15,28.62,0.08,0.08,4
12.233,1,17.14,28.63,0.08,0.08,4
12.267,1,17.22,28.43,0.08,0.08,4
12.3,1,17.26,28.34,0.08,0.08,4
12.333,1,17.27,28.32,0.08,0.08,4
12.367,1,17.29,28.27,0.08,0.08,4
12.4,1,17.32,28.22,0.08,0.08,4
12.433,1,17.26,28.42,0.08,0.08,4
12.467,1,17.26,28.43,0.13,0.22,
12.5,1,17.27,28.44,0.13,0.22,
12.533,1,17.27,28.45,0.13,0.22,
12.567,1,17.28,28.45,0.13,0.22,
12.6,1,17.28,28.46,0.13,0.22,
12.633,1,17.29,28.47,0.13,0.22,
12.667,0,,,,,
12.7,0,,,,,
12.733,0,,,,,
12.767,1,16.19,29.96,-0.17,-1.02,5
12.8,1,16.14,29.97,-0.17,-1.02,5
12.833,1,16.14,29.95,-0.17,-1.02,5
12.867,1,16.18,29.81,-0.17,-1.02,5
12.9,1,16.18,29.75,-0.17,-1.02,5
12.933,1,16.05,30.12,-0.17,-1.02,5
12.967,1,16.02,30.11,-0.17,-1.02,5
13.0,1,16.02,30.05,-0.17,-1.02,5
13.033,1,15.98,30.09,-0.17,-1.02,5
13.067,1,16.0,29.99,-0.17,-1.02,5
13.1,1,16.01,29.9,-0.17,-1.02,5
13.133,1,16.03,29.81,-0.17,-1.02,5
13.167,1,16.02,29.77,-0.17,-1.02,5
13.2,1,16.06,29.59,-0.17,-1.02,5
13.233,1,16.07,29.52,-0.17,-1.02,5
13.267,1,16.07,29.45,-0.17,-1.02,5
13.3,1,16.04,29.5,-0.17,-1.02,5
13.333,1,16.02,29.52,-0.17,-1.02,5
13.367,1,16.02,29.49,-0.17,-1.02,5
13.4,1,16.03,29.41,-0.17,-1.02,5
13.433,1,15.97,29.51,-0.17,-1.02,5
13.467,1,15.98,29.44,-0.17,-1.02,5
13.5,1,16.0,29.35,-0.17,-1.02,5
13.533,1,16.04,29.23,-0.17,-1.02,5
13.567,1,16.01,29.23,-0.17,-1.02,5
13.6,1,16.01,29.19,0.01,-1.35,
13.633,1,16.01,29.14,0.01,-1.35,
13.667,1,16.02,29.1,0.01,-1.35,
13.7,1,16.02,29.05,0.01,-1.35,
13.733,1,16.02,29.01,0.01,-1.35,
13.767,0,,,,,
13.8,0,,,,,
13.833,0,,,,,
13.867,0,,,,,
13.9,0,,,,,
13.933,0,,,,,
13.967,0,,,,,
14.0,0,,,,,
14.033,0,,,,,
14.067,0,,,,,
14.1,0,,,,,
14.133,0,,,,,
14.167,0,,,,,
14.2,0,,,,,
14.233,0,,,,,
14.267,0,,,,,
14.3,0,,,,,
14.333,0,,,,,
14.367,0,,,,,
14.4,0,,,,,
14.433,0,,,,,
14.467,0,,,,,
14.5,1,15.92,29.02,0.0,0.0,
14.533,1,15.92,29.02,0.0,0.0,
14.567,1,15.92,29.02,0.0,0.0,
14.6,1,15.92,29.02,0.0,0.0,
14.633,1,15.92,29.02,0.0,0.0,
14.667,1,15.92,29.02,0.0,0.0,
14.7,1,15.92,29.02,0.0,0.0,
14.733,0,,,,,
14.767,0,,,,,
14.8,1,15.19,28.53,0.0,0.0,
14.833,1,15.0,28.51,-8.66,-1.34,6
14.867,1,14.62,28.49,-8.66,-1.34,6
14.9,1,14.19,28.41,-8.66,-1.34,6
14.933,1,13.89,28.41,-8.66,-1.34,6
14.967,1,13.54,28.4,-8.66,-1.34,6
15.0,1,13.16,28.37,-8.66,-1.34,6
15.033,1,12.88,28.34,-8.66,-1.34,6
15.067,1,12.56,28.27,-8.66,-1.34,6
15.1,1,12.23,28.2,-8.66,-1.34,6
15.133,1,11.95,28.24,-8.66,-1.34,6
15.167,1,11.68,28.16,-8.66,-1.34,6
15.2,1,11.36,28.14,-8.66,-1.34,6
15.233,1,11.13,28.02,-8.66,-1.34,6
15.267,1,10.89,27.93,-8.66,-1.34,6
15.3,1,10.63,27.82,-8.66,-1.34,6
15.333,1,10.4,27.78,-8.66,-1.34,6
15.367,1,10.13,27.77,-8.66,-1.34,6
15.4,1,9.85,27.77,-8.66,-1.34,6
15.433,1,9.63,27.74,-8.66,-1.34,6
15.467,1,9.38,27.74,-8.66,-1.34,6
15.5,0,,,,,
15.533,0,,,,,
15.567,0,,,,,
15.6,1,8.43,27.63,0.0,0.0,
15.633,1,8.31,27.72,-5.58,-0.71,7
15.667,1,8.03,27.78,-5.58,-0.71,7
15.7,1,7.77,27.74,-5.58,-0.71,7
15.733,1,7.54,27.92,-5.58,-0.71,7
15.767,1,7.38,27.83,-5.58,-0.71,7
15.8,1,7.15,27.84,-5.58,-0.71,7
15.833,1,7.02,27.77,-5.58,-0.71,7
15.867,1,6.88,27.56,-5.58,-0.71,7
15.9,1,6.71,27.45,-5.58,-0.71,7
15.933,1,6.55,27.41,-5.58,-0.71,7
15.967,1,6.35,27.52,-5.58,-0.71,7
16.0,1,6.14,27.59,-5.58,-0.71,7
16.033,0,,,,,
16.067,0,,,,,
16.1,0,,,,,
16.133,0,,,,,
16.167,0,,,,,
16.2,0,,,,,
16.233,0,,,,,
16.267,0,,,,,
16.3,0,,,,,
16.333,0,,,,,
16.367,0,,,,,
16.4,0,,,,,
16.433,0,,,,,
16.467,0,,,,,
16.5,0,,,,,
16.533,0,,,,,
16.567,0,,,,,
16.6,0,,,,,
16.633,0,,,,,
16.667,0,,,,,
16.7,0,,,,,
16.733,0,,,,,
16.767,0,,,,,
16.8,0,,,,,
16.833,0,,,,,
16.867,0,,,,,
16.9,0,,,,,
16.933,0,,,,,
16.967,0,,,,,
17.0,0,,,,,
17.033,0,,,,,
17.067,0,,,,,
17.1,0,,,,,
17.133,0,,,,,
17.167,0,,,,,
17.2,0,,,,,
17.233,0,,,,,
17.267,0,,,,,
17.3,0,,,,,
17.333,0,,,,,
17.367,0,,,,,
17.4,0,,,,,
17.433,0,,,,,
17.467,0,,,,,
17.5,0,,,,,
17.533,0,,,,,
17.567,0,,,,,
17.6,0,,,,,
17.633,0,,,,,
17.667,0,,,,,
17.7,0,,,,,
17.733,0,,,,,
17.767,0,,,,,
17.8,0,,,,,
17.833,0,,,,,
17.867,0,,,,,
17.9,1,-6.07,21.75,0.0,0.0,
17.933,1,-6.27,21.61,-6.06,-4.25,8
17.967,1,-6.61,21.47,-6.06,-4.25,8
18.0,1,-7.04,21.13,-6.06,-4.25,8
18.033,1,-7.33,20.99,-6.06,-4.25,8
18.067,1,-7.69,20.77,-6.06,-4.25,8
18.1,1,-8.06,20.58,-6.06,-4.25,8
18.133,1,-8.33,20.41,-6.06,-4.25,8
18.167,1,-8.64,20.22,-6.06,-4.25,8
18.2,1,-8.99,20.02,-6.06,-4.25,8
18.233,1,-9.26,19.86,-6.06,-4.25,8
18.267,1,-9.58,19.65,-6.06,-4.25,8
18.3,1,-9.91,19.39,-6.06,-4.25,8
18.333,1,-10.15,19.29,-6.06,-4.25,8
18.367,1,-10.44,19.09,-6.06,-4.25,8
18.4,1,-10.74,18.92,-6.06,-4.25,8
18.433,1,-10.97,18.79,-6.06,-4.25,8
18.467,1,-11.25,18.61,-6.06,-4.25,8
18.5,1,-11.55,18.45,-6.06,-4.25,8
18.533,1,-11.78,18.32,-6.06,-4.25,8
18.567,1,-12.02,18.19,-6.06,-4.25,8
18.6,1,-12.28,18.01,-6.06,-4.25,8
18.633,1,-12.49,17.81,-6.06,-4.25,8
18.667,1,-12.72,17.79,-6.06,-4.25,8
18.7,1,-12.99,17.8,-6.06,-4.25,8
18.733,1,-13.16,17.67,-6.06,-4.25,8
18.767,1,-13.38,17.53,-6.06,-4.25,8
18.8,1,-13.61,17.34,-6.06,-4.25,8
18.833,1,-13.8,17.02,-6.06,-4.25,8
18.867,1,-14.04,16.84,-6.06,-4.25,8
18.9,1,-14.3,16.66,-6.06,-4.25,8
18.933,1,-14.5,16.57,-6.06,-4.25,8
18.967,1,-14.71,16.39,-6.06,-4.25,8
19.0,1,-14.94,16.27,-6.06,-4.25,8
19.033,1,-15.16,16.11,-6.06,-4.25,8
19.067,1,-15.12,15.94,-6.06,-4.25,8
19.1,1,-15.11,15.89,-6.06,-4.25,8
19.133,1,-15.07,15.88,-6.06,-4.25,8
19.167,1,-15.05,15.78,-6.06,-4.25,8
19.2,1,-15.02,15.66,-6.06,-4.25,8
19.233,1,-14.98,15.67,-6.06,-4.25,8
19.267,1,-14.96,15.63,-6.06,-4.25,8
19.3,1,-14.96,15.58,-6.06,-4.25,8
19.333,1,-14.94,15.55,-6.06,-4.25,8
19.367,1,-14.96,15.57,-6.06,-4.25,8
19.4,1,-14.96,15.47,-6.06,-4.25,8
19.433,1,-14.97,15.37,-6.06,-4.25,8
19.467,1,-14.98,15.06,-0.04,-2.48,9
19.5,1,-15.01,14.91,-0.04,-2.48,9
19.533,1,-15.0,14.76,-0.04,-2.48,9
19.567,1,-14.99,14.68,-0.04,-2.48,9
19.6,1,-15.0,14.6,-0.04,-2.48,9
19.633,1,-15.03,14.66,-0.04,-2.48,9
19.667,1,-15.06,14.6,-0.04,-2.48,9
19.7,1,-15.06,14.47,-0.04,-2.48,9
19.733,1,-15.11,14.42,-0.04,-2.48,9
19.767,1,-15.12,14.4,-0.04,-2.48,9
19.8,1,-15.1,14.41,-0.04,-2.48,9
19.833,1,-15.1,14.5,-0.04,-2.48,9
19.867,1,-15.06,14.43,-0.04,-2.48,9
19.9,1,-15.05,14.41,-0.04,-2.48,9
19.933,1,-15.05,14.39,-0.04,-2.48,9
19.967,1,-14.97,13.53,-0.04,-2.48,9
20.0,1,-14.9,12.83,1.81,-6.46,10
20.033,1,-14.81,12.29,1.81,-6.46,10
20.067,1,-14.74,11.71,1.81,-6.46,10
20.1,1,-14.7,11.32,1.81,-6.46,10
20.133,1,-14.62,10.82,1.81,-6.46,10
20.167,1,-14.51,10.18,1.81,-6.46,10
20.2,1,-14.38,9.54,1.81,-6.46,10
20.233,1,-14.32,9.05,1.81,-6.46,10
20.267,1,-14.26,8.52,1.81,-6.46,10
20.3,1,-14.17,8.05,1.81,-6.46,10
20.333,1,-14.09,7.73,1.81,-6.46,10
20.367,1,-14.0,7.25,1.81,-6.46,10
20.4,1,-13.93,6.74,1.81,-6.46,10
20.433,1,-13.86,6.34,1.81,-6.46,10
20.467,1,-13.79,5.83,1.81,-6.46,10
20.5,1,-13.72,5.31,1.81,-6.46,10
20.533,1,-13.66,4.91,1.81,-6.46,10
20.567,1,-13.59,4.42,1.81,-6.46,10
20.6,1,-13.52,3.91,1.81,-6.46,10
20.633,1,-13.46,3.52,1.81,-6.46,10
20.667,1,-13.37,3.19,1.81,-6.46,10
20.7,1,-13.26,2.88,1.81,-6.46,10
20.733,1,-13.18,2.67,1.81,-6.46,10
20.767,1,-13.1,2.33,1.81,-6.46,10
20.8,1,-13.02,1.96,1.81,-6.46,10
20.833,1,-12.96,1.64,1.81,-6.46,10
20.867,1,-12.89,1.27,1.81,-6.46,10
20.9,1,-12.82,0.99,1.81,-6.46,10
20.933,1,-12.77,0.7,1.81,-6.46,10
20.967,1,-12.72,0.29,1.81,-6.46,10
21.0,1,-12.65,-0.03,1.81,-6.46,10
21.033,1,-12.59,-0.28,1.81,-6.46,10
21.067,1,-12.52,-0.52,1.81,-6.46,10
21.1,1,-12.46,-0.86,1.81,-6.46,10
21.133,1,-12.41,-1.11,1.81,-6.46,10
21.167,1,-12.35,-1.44,1.81,-6.46,10
21.2,1,-12.29,-1.71,1.81,-6.46,10
21.233,1,-12.23,-1.9,1.81,-6.46,10
21.267,1,-12.17,-2.1,1.81,-6.46,10
21.3,1,-12.14,-2.42,1.81,-6.46,10
21.333,1,-12.1,-2.74,1.81,-6.46,10
21.367,1,-12.05,-3.04,1.81,-6.46,10
21.4,1,-11.99,-3.24,1.81,-6.46,10
21.433,1,-11.94,-3.43,1.81,-6.46,10
21.467,1,-11.87,-3.64,1.81,-6.46,10
21.5,1,-11.82,-3.96,1.81,-6.46,10
21.533,1,-11.78,-4.22,1.81,-6.46,10
21.567,1,-11.73,-4.51,1.81,-6.46,10
21.6,1,-11.69,-4.78,1.81,-6.46,10
21.633,1,-11.63,-4.91,1.81,-6.46,10
21.667,1,-11.57,-5.04,1.81,-6.46,10
21.7,1,-11.5,-5.26,1.81,-6.46,10
21.733,1,-11.45,-5.47,1.81,-6.46,10
21.767,1,-11.4,-5.66,1.81,-6.46,10
21.8,1,-11.34,-5.83,1.81,-6.46,10
21.833,1,-11.23,-6.31,1.81,-6.46,10
21.867,1,-11.13,-6.75,1.81,-6.46,10
21.9,1,-11.05,-7.12,1.81,-6.46,10
21.933,1,-10.99,-7.37,1.81,-6.46,10
21.967,1,-10.94,-7.61,1.81,-6.46,10
22.0,1,-10.9,-7.82,1.81,-6.46,10
22.033,1,-10.87,-8.03,1.81,-6.46,10
22.067,1,-10.83,-8.24,1.81,-6.46,10
22.1,1,-10.77,-8.5,1.81,-6.46,10
22.133,1,-10.74,-8.66,1.81,-6.46,10
22.167,1,-10.7,-8.88,1.81,-6.46,10
22.2,1,-10.66,-9.09,1.81,-6.46,10
22.233,1,-10.62,-9.25,1.81,-6.46,10
22.267,1,-10.59,-9.41,1.81,-6.46,10
22.3,1,-10.54,-9.68,1.81,-6.46,10
22.333,1,-10.5,-9.81,1.81,-6.46,10
22.367,1,-10.46,-9.96,1.81,-6.46,10
22.4,1,-10.41,-10.22,1.81,-6.46,10
22.433,1,-10.37,-10.39,1.81,-6.46,10
22.467,1,-10.33,-10.58,1.81,-6.46,10
22.5,1,-10.29,-10.77,1.81,-6.46,10
22.533,1,-10.18,-10.74,1.81,-6.46,10
22.567,1,-10.09,-10.8,1.81,-6.46,10
22.6,1,-9.99,-10.89,1.81,-6.46,10
22.633,1,-9.92,-10.96,1.81,-6.46,10
22.667,1,-9.82,-11.02,1.81,-6.46,10
22.7,1,-9.72,-11.02,1.81,-6.46,10
22.733,1,-9.66,-11.05,1.81,-6.46,10
22.767,1,-9.59,-11.1,1.81,-6.46,10
22.8,1,-9.52,-11.08,1.81,-6.46,10
22.833,1,-9.45,-11.18,1.81,-6.46,10
22.867,1,-9.37,-11.2,1.81,-6.46,10
22.9,1,-9.32,-11.21,1.81,-6.46,10
22.933,1,-9.25,-11.14,1.81,-6.46,10
22.967,1,-9.19,-11.22,1.81,-6.46,10
23.0,1,-9.13,-11.28,1.81,-6.46,10
23.033,1,-9.08,-11.35,1.81,-6.46,10
23.067,1,-9.02,-11.43,1.81,-6.46,10
23.1,1,-8.95,-11.55,1.81,-6.46,10
23.133,1,-8.9,-11.56,1.81,-6.46,10
23.167,1,-8.85,-11.62,1.81,-6.46,10
23.2,1,-8.78,-11.82,1.81,-6.46,10
23.233,1,-8.73,-11.82,1.81,-6.46,10
23.267,1,-8.68,-11.85,1.81,-6.46,10
23.3,1,-8.64,-11.91,1.81,-6.46,10
23.333,1,-8.58,-11.99,1.81,-6.46,10
23.367,1,-8.53,-12.03,1.81,-6.46,10
23.4,1,-8.46,-12.14,1.81,-6.46,10
23.433,1,-8.4,-12.12,1.81,-6.46,10
23.467,1,-8.34,-12.19,1.81,-6.46,10
23.5,1,-8.27,-12.24,1.81,-6.46,10
23.533,1,-8.22,-12.27,1.81,-6.46,10
23.567,1,-8.17,-12.43,1.81,-6.46,10
23.6,1,-8.11,-12.51,1.81,-6.46,10
23.633,1,-8.06,-12.59,1.81,-6.46,10
23.667,1,-8.0,-12.67,1.81,-6.46,10
23.7,1,-7.94,-12.75,1.81,-6.46,10
23.733,1,-8.04,-12.44,1.81,-6.46,10
23.767,1,-8.04,-12.43,1.81,-6.46,10
23.8,1,-8.02,-12.44,0.66,-0.14,
23.833,1,-8.0,-12.44,0.66,-0.14,
23.867,1,-7.98,-12.45,0.66,-0.14,
23.9,1,-7.95,-12.45,0.66,-0.14,
23.933,1,-7.93,-12.46,0.66,-0.14,
23.967,1,-7.91,-12.46,0.66,-0.14,
24.0,0,,,,,
24.033,0,,,,,
24.067,0,,,,,
24.1,0,,,,,
24.133,0,,,,,
24.167,0,,,,,
24.2,0,,,,,
24.233,0,,,,,
24.267,0,,,,,
24.3,0,,,,,
24.333,0,,,,,
24.367,0,,,,,
24.4,0,,,,,
24.433,0,,,,,
24.467,0,,,,,
24.5,0,,,,,
24.533,0,,,,,
24.567,0,,,,,
24.6,0,,,,,
24.633,0,,,,,
24.667,0,,,,,
24.7,0,,,,,
24.733,0,,,,,
24.767,0,,,,,
24.8,0,,,,,
24.833,0,,,,,
24.867,0,,,,,
24.9,0,,,,,
24.933,0,,,,,
24.967,0,,,,,
25.0,0,,,,,
25.033,0,,,,,
25.067,0,,,,,
25.1,0,,,,,
25.133,0,,,,,
25.167,0,,,,,
25.2,0,,,,,
25.233,0,,,,,
25.267,0,,,,,
25.3,0,,,,,
25.333,0,,,,,
25.367,0,,,,,
25.4,0,,,,,
25.433,0,,,,,
25.467,0,,,,,
25.5,0,,,,,
25.533,0,,,,,
25.567,0,,,,,
25.6,0,,,,,
25.633,0,,,,,
25.667,0,,,,,
25.7,0,,,,,
25.733,0,,,,,
25.767,0,,,,,
25.8,0,,,,,
25.833,0,,,,,
25.867,0,,,,,
25.9,0,,,,,
25.933,0,,,,,
25.967,0,,,,,
26.0,0,,,,,
26.033,0,,,,,
26.067,0,,,,,
26.1,0,,,,,
26.133,0,,,,,
26.167,0,,,,,
26.2,0,,,,,
26.233,0,,,,,
26.267,0,,,,,
26.3,1,-1.47,-6.55,0.0,0.0,
26.333,1,-1.4,-6.55,0.0,0.0,
26.367,1,-1.4,-6.55,0.0,0.0,
26.4,1,-1.39,-6.55,0.0,0.0,
26.433,1,-1.68,-7.33,0.0,0.0,
26.467,1,-1.77,-7.58,0.0,0.0,
26.5,1,-1.86,-7.84,0.0,0.0,
26.533,1,-1.95,-8.09,-2.7,-7.59,
26.567,1,-2.04,-8.34,-2.7,-7.59,
26.6,1,-2.13,-8.6,-2.7,-7.59,
26.633,1,-2.22,-8.85,-2.7,-7.59,
26.667,0,,,,,
26.7,0,,,,,
26.733,0,,,,,
26.767,1,-4.64,-9.2,-2.58,-3.29,11
26.8,1,-4.99,-9.82,-2.58,-3.29,11
26.833,1,-5.02,-9.89,-2.58,-3.29,11
26.867,1,-5.44,-10.15,-2.58,-3.29,11
26.9,1,-5.73,-10.43,-2.58,-3.29,11
26.933,1,-5.95,-10.53,-2.58,-3.29,11
26.967,1,-6.2,-10.64,-2.58,-3.29,11
27.0,1,-6.47,-10.85,-2.58,-3.29,11
27.033,1,-6.69,-11.08,-2.58,-3.29,11
27.067,1,-6.95,-11.36,-2.58,-3.29,11
27.1,1,-7.22,-11.61,-2.58,-3.29,11
27.133,1,-7.42,-11.8,-2.58,-3.29,11
27.167,1,-7.66,-11.98,-2.58,-3.29,11
27.2,1,-7.9,-12.19,-2.58,-3.29,11
27.233,1,-8.14,-12.39,-2.58,-3.29,11
27.267,1,-8.38,-12.6,-2.58,-3.29,11
27.3,1,-7.53,-12.2,-2.58,-3.29,11
27.333,1,-7.3,-12.14,-2.58,-3.29,11
27.367,1,-7.05,-12.02,-2.58,-3.29,11
27.4,1,-6.76,-11.82,-2.58,-3.29,11
27.433,1,-6.52,-11.69,-2.58,-3.29,11
27.467,1,-6.26,-11.51,-2.58,-3.29,11
27.5,1,-5.98,-11.47,5.17,0.47,12
27.533,1,-5.76,-11.46,5.17,0.47,12
27.567,1,-5.54,-11.46,5.17,0.47,12
27.6,1,-5.32,-11.44,5.17,0.47,12
27.633,1,-5.14,-11.35,5.17,0.47,12
27.667,1,-4.95,-11.28,5.17,0.47,12
27.7,1,-4.77,-11.28,5.17,0.47,12
27.733,1,-4.62,-11.25,5.17,0.47,12
27.767,1,-4.45,-11.21,5.17,0.47,12
27.8,1,-4.29,-11.22,5.17,0.47,12
27.833,1,-4.15,-11.28,5.17,0.47,12
27.867,1,-3.99,-11.36,5.17,0.47,12
27.9,1,-3.84,-11.4,5.17,0.47,12
27.933,1,-3.71,-11.3,5.17,0.47,12
27.967,1,-3.56,-11.3,4.5,0.26,
28.0,1,-3.41,-11.29,4.5,0.26,
28.033,1,-3.26,-11.28,4.5,0.26,
28.067,1,-3.11,-11.27,4.5,0.26,
28.1,1,-2.96,-11.26,4.5,0.26,
28.133,1,-2.81,-11.25,4.5,0.26,
28.167,0,,,,,
28.2,0,,,,,
28.233,0,,,,,
28.267,0,,,,,
28.3,0,,,,,
28.333,0,,,,,
28.367,0,,,,,
28.4,0,,,,,
28.433,0,,,,,
28.467,0,,,,,
28.5,0,,,,,
28.533,0,,,,,
28.567,0,,,,,
28.6,0,,,,,
28.633,0,,,,,
28.667,0,,,,,
28.7,0,,,,,
28.733,0,,,,,
28.767,0,,,,,
28.8,0,,,,,
28.833,0,,,,,
28.867,1,-3.96,-11.8,-2.63,-0.2,13
28.9,1,-4.08,-11.85,-2.63,-0.2,13
28.933,1,-4.15,-11.96,-2.63,-0.2,13
28.967,1,-4.22,-11.89,-2.63,-0.2,13
29.0,1,-4.29,-11.88,-2.63,-0.2,13
29.033,1,-4.38,-11.89,-2.63,-0.2,13
29.067,1,-4.47,-11.84,-2.63,-0.2,13
29.1,1,-4.57,-11.88,-2.63,-0.2,13
29.133,1,-4.66,-11.93,-2.63,-0.2,13
29.167,1,-4.76,-11.91,-2.63,-0.2,13
29.2,1,-4.87,-11.93,-2.09,-2.66,14
29.233,1,-4.95,-11.92,-2.09,-2.66,14
29.267,1,-5.04,-11.96,-2.09,-2.66,14
29.3,1,-5.1,-12.11,-2.09,-2.66,14
29.333,1,-5.14,-12.24,-2.06,-2.32,
29.367,1,-5.2,-12.34,-2.4,-0.29,15
29.4,1,-5.28,-12.38,-2.4,-0.29,15
29.433,1,-5.35,-12.35,-2.4,-0.29,15
29.467,1,-5.43,-12.35,-2.4,-0.29,15
29.5,1,-5.52,-12.38,-2.4,-0.29,15
29.533,1,-5.59,-12.38,-2.4,-0.29,15
29.567,1,-5.67,-12.4,-2.4,-0.29,15
29.6,1,-5.75,-12.41,-2.4,-0.29,15
29.633,1,-5.82,-12.48,-2.4,-0.29,15
29.667,1,-5.89,-12.51,-2.4,-0.29,15
29.7,1,-5.97,-12.53,-2.4,-0.29,15
29.733,1,-6.04,-12.46,-2.4,-0.29,15
29.767,1,-6.11,-12.48,-2.4,-0.29,15
29.8,1,-6.19,-12.47,-2.4,-0.29,15
29.833,1,-6.25,-12.38,-2.4,-0.29,15
29.867,1,-6.32,-12.35,-2.4,-0.29,15
29.9,1,-6.52,-12.45,-2.4,-0.29,15
29.933,1,-6.63,-12.46,-7.17,7.28,16
29.967,1,-6.95,-12.05,-7.17,7.28,16
30.0,1,-7.26,-11.76,-7.17,7.28,16
30.033,1,-7.5,-11.6,-7.17,7.28,16
30.067,1,-7.77,-11.11,-6.85,7.57,
30.1,1,-8.0,-10.85,-6.85,7.57,
30.133,1,-8.2,-9.93,-6.4,13.91,17
30.167,1,-8.42,-9.5,-6.4,13.91,17
30.2,1,-8.61,-8.35,-6.4,13.91,17
30.233,1,-8.81,-7.62,-6.4,13.91,17
30.267,1,-9.04,-7.22,-6.4,13.91,17
30.3,1,-9.26,-6.66,-6.41,16.86,
30.333,1,-9.47,-6.09,-6.41,16.86,
30.367,1,-9.68,-5.53,-6.41,16.86,
30.4,1,-9.9,-4.97,-6.41,16.86,
30.433,1,-10.07,-5.22,-2.49,8.3,18
30.467,1,-10.28,-4.81,-2.49,8.3,18
30.5,1,-10.48,-4.04,-2.49,8.3,18
30.533,1,-10.64,-3.65,-2.49,8.3,18
30.567,1,-10.84,-3.32,-2.49,8.3,18
30.6,1,-11.05,-3.03,-2.49,8.3,18
30.633,1,-11.18,-2.76,-2.49,8.3,18
30.667,1,-11.36,-2.38,-2.49,8.3,18
30.7,1,-11.5,-1.79,-2.49,8.3,18
30.733,1,-11.62,-1.31,-2.49,8.3,18
30.767,1,-11.78,-0.94,-2.49,8.3,18
30.8,1,-11.95,-0.54,-2.49,8.3,18
30.833,1,-12.08,-0.26,-2.49,8.3,18
30.867,1,-12.22,0.11,-2.49,8.3,18
30.9,1,-12.37,0.57,-2.49,8.3,18
30.933,1,-12.49,0.91,-2.49,8.3,18
30.967,1,-12.63,1.27,-2.49,8.3,18
31.0,1,-12.81,1.5,-2.49,8.3,18
31.033,1,-12.94,1.66,-2.49,8.3,18
31.067,1,-13.12,2.06,-2.49,8.3,18
31.1,1,-13.21,2.42,-2.49,8.3,18
31.133,1,-13.3,2.81,-2.49,8.3,18
31.167,1,-13.42,3.15,-2.49,8.3,18
31.2,1,-13.54,3.5,-2.49,8.3,18
31.233,1,-13.66,3.85,-2.49,8.3,18
31.267,1,-13.37,3.81,-2.49,8.3,18
31.3,1,-13.26,3.74,-2.49,8.3,18
31.333,1,-13.2,3.7,-2.49,8.3,18
31.367,1,-13.14,3.74,-2.49,8.3,18
31.4,1,-13.05,3.77,-2.49,8.3,18
31.433,1,-12.95,3.76,-2.49,8.3,18
31.467,1,-12.85,3.84,-2.49,8.3,18
31.5,1,-12.75,3.83,-2.49,8.3,18
31.533,1,-12.68,3.8,-2.49,8.3,18
31.567,1,-12.6,3.81,-2.49,8.3,18
31.6,1,-12.52,3.85,1.56,1.3,19
31.633,1,-12.47,3.87,1.56,1.3,19
31.667,1,-12.41,3.88,1.56,1.3,19
31.7,1,-12.34,3.95,1.56,1.3,19
31.733,1,-12.28,4.03,1.56,1.3,19
31.767,1,-12.22,4.03,1.56,1.3,19
31.8,1,-12.16,4.08,1.56,1.3,19
31.833,1,-12.12,4.13,1.56,1.3,19
31.867,1,-12.07,4.08,1.56,1.3,19
31.9,1,-12.02,4.16,1.56,1.3,19
31.933,1,-11.97,4.18,1.56,1.3,19
31.967,1,-11.92,4.21,1.56,1.3,19
32.0,1,-11.86,4.26,1.56,1.3,19
32.033,1,-11.81,4.28,1.56,1.3,19
32.067,1,-11.76,4.3,1.56,1.3,19
32.1,1,-11.73,4.4,1.56,1.3,19
32.133,1,-11.69,4.46,1.56,1.3,19
32.167,1,-11.65,4.49,1.56,1.3,19
32.2,1,-11.62,4.59,1.56,1.3,19
32.233,1,-11.57,4.56,1.56,1.3,19
32.267,1,-11.51,4.61,1.56,1.3,19
32.3,1,-11.45,4.58,1.56,1.3,19
32.333,1,-11.36,4.67,1.56,1.3,19
32.367,1,-11.28,4.87,1.56,1.3,19
32.4,1,-11.26,5.02,1.56,1.3,19
32.433,1,-11.22,5.12,1.5,3.16,
32.467,1,-11.17,5.12,1.86,-0.78,20
32.5,1,-11.11,5.1,1.86,-0.78,20
32.533,1,-11.06,4.99,1.86,-0.78,20
32.567,1,-11.0,5.01,1.86,-0.78,20
32.6,1,-10.93,4.94,1.86,-0.78,20
32.633,1,-10.89,4.85,1.27,2.22,21
32.667,1,-10.85,4.9,1.27,2.22,21
32.7,1,-10.8,4.94,1.27,2.22,21
32.733,1,-10.77,4.98,1.27,2.22,21
32.767,1,-10.72,4.99,1.34,0.39,
32.8,1,-10.54,5.3,2.5,2.84,
32.833,1,-10.39,5.39,4.11,1.07,22
32.867,1,-10.26,5.66,4.11,1.07,22
32.9,1,-10.08,5.82,4.11,1.07,22
32.933,1,-9.91,5.6,4.11,1.07,22
32.967,1,-9.73,5.47,4.11,1.07,22
33.0,1,-9.59,5.57,4.11,1.07,22
33.033,1,-9.5,5.78,4.11,1.07,22
33.067,1,-9.35,5.77,2.81,2.92,23
33.1,1,-9.2,5.9,2.81,2.92,23
33.133,1,-9.12,6.17,2.81,2.92,23
33.167,1,-9.07,6.44,2.81,2.92,23
33.2,1,-9.02,6.73,2.81,2.92,23
33.233,1,-8.9,6.72,2.81,2.92,23
33.267,1,-8.79,6.71,2.81,2.92,23
33.3,1,-8.65,6.7,2.81,2.92,23
33.333,1,-8.58,6.73,2.81,2.92,23
33.367,1,-8.49,6.91,2.81,2.92,23
33.4,1,-8.39,7.12,2.81,2.92,23
33.433,1,-8.31,7.3,2.81,2.92,23
33.467,1,-8.21,7.24,2.81,2.92,23
33.5,1,-8.11,7.17,2.81,2.92,23
33.533,1,-8.04,7.3,2.81,2.92,23
33.567,1,-7.98,7.44,2.81,2.92,23
33.6,1,-7.88,7.61,2.81,2.92,23
33.633,1,-7.81,7.69,2.81,2.92,23
33.667,1,-7.71,7.78,2.81,2.92,23
33.7,1,-7.61,7.92,2.81,2.92,23
33.733,1,-7.56,8.02,2.38,3.27,
33.767,1,-7.47,8.0,2.47,2.05,
33.8,1,-7.39,8.07,2.47,2.05,
33.833,1,-7.3,8.13,2.47,2.05,
33.867,1,-7.22,8.2,2.47,2.05,
33.9,1,-7.14,8.27,2.47,2.05,
33.933,1,-7.06,8.34,2.47,2.05,
33.967,0,,,,,
34.0,0,,,,,
34.033,0,,,,,
34.067,0,,,,,
34.1,0,,,,,
34.133,0,,,,,
34.167,1,-7.08,7.88,-0.26,-1.15,24
34.2,1,-7.05,7.89,-0.26,-1.15,24
34.233,1,-7.05,7.89,-0.26,-1.15,24
34.267,1,-7.06,7.73,-0.26,-1.15,24
34.3,1,-7.06,7.65,-0.26,-1.15,24
34.333,1,-7.11,7.71,-0.26,-1.15,24
34.367,1,-7.08,7.58,0.23,-0.66,25
34.4,1,-7.09,7.56,0.23,-0.66,25
34.433,1,-7.09,7.56,0.23,-0.66,25
34.467,1,-7.09,7.6,0.23,-0.66,25
34.5,1,-7.08,7.57,0.23,-0.66,25
34.533,1,-7.03,7.52,0.23,-0.66,25
34.567,1,-7.06,7.52,0.23,-0.66,25
34.6,1,-7.01,7.43,1.16,-18.68,26
34.633,1,-7.0,7.4,1.16,-18.68,26
34.667,1,-6.98,6.29,1.16,-18.68,26
34.7,1,-6.98,5.59,1.16,-18.68,26
34.733,1,-6.94,5.04,1.16,-18.68,26
34.767,1,-6.87,4.21,1.16,-18.68,26
34.8,1,-6.8,3.47,1.16,-18.68,26
34.833,1,-6.74,2.9,1.16,-18.68,26
34.867,1,-6.7,2.25,1.16,-18.68,26
34.9,1,-6.68,1.5,1.16,-18.68,26
34.933,1,-6.64,0.88,1.16,-18.68,26
34.967,1,-6.6,0.31,1.16,-18.68,26
35.0,0,,,,,
35.033,0,,,,,
35.067,0,,,,,
35.1,0,,,,,
35.133,0,,,,,
35.167,0,,,,,
35.2,1,-6.42,-3.08,0.0,0.0,
35.233,1,-6.42,-3.08,0.0,0.0,
35.267,1,-6.37,-3.39,0.0,0.0,
35.3,1,-6.31,-3.71,0.0,0.0,
35.333,1,-6.26,-4.1,0.81,-8.18,27
35.367,1,-6.22,-4.61,0.81,-8.18,27
35.4,1,-6.2,-5.17,0.81,-8.18,27
35.433,1,-6.18,-5.64,0.81,-8.18,27
35.467,1,-6.18,-6.08,0.81,-8.18,27
35.5,1,-6.16,-6.64,0.81,-8.18,27
35.533,1,-6.15,-7.02,0.81,-8.18,27
35.567,1,-6.13,-7.38,0.81,-8.18,27
35.6,1,-6.12,-7.82,0.81,-8.18,27
35.633,1,-6.11,-8.12,0.81,-8.18,27
35.667,1,-6.1,-8.49,0.81,-8.18,27
35.7,1,-6.08,-8.9,0.81,-8.18,27
35.733,1,-6.06,-9.19,0.81,-8.18,27
35.767,1,-6.05,-9.46,0.81,-8.18,27
35.8,1,-6.03,-9.85,0.81,-8.18,27
35.833,1,-6.02,-10.19,0.81,-8.18,27
35.867,1,-6.0,-10.56,0.81,-8.18,27
35.9,1,-5.98,-10.91,0.81,-8.18,27
35.933,1,-5.97,-11.17,0.81,-8.18,27
35.967,1,-5.95,-11.48,0.81,-8.18,27
36.0,1,-5.93,-11.83,0.81,-8.18,27
36.033,1,-5.92,-12.13,0.81,-8.18,27
36.067,1,-5.92,-12.53,0.81,-8.18,27
36.1,1,-5.89,-12.73,0.81,-8.18,27
36.133,1,-5.88,-12.86,0.81,-8.18,27
36.167,1,-5.85,-13.02,0.81,-8.18,27
36.2,1,-5.84,-13.38,0.81,-8.18,27
36.233,1,-5.84,-13.69,0.81,-8.18,27
36.267,1,-5.81,-14.02,0.81,-8.18,27
36.3,1,-5.79,-14.33,0.81,-8.18,27
36.333,1,-5.77,-14.63,0.81,-8.18,27
36.367,1,-5.75,-14.93,0.81,-8.18,27
36.4,1,-5.67,-14.82,0.81,-8.18,27
36.433,1,-5.63,-15.03,0.81,-8.18,27
36.467,1,-5.6,-15.23,0.81,-8.18,27
36.5,1,-5.56,-15.43,0.81,-8.18,27
36.533,1,-5.53,-15.64,0.81,-8.18,27
36.567,1,-5.26,-14.87,0.81,-8.18,27
36.6,1,-5.15,-14.79,0.81,-8.18,27
36.633,1,-5.07,-14.8,0.81,-8.18,27
36.667,1,-4.99,-14.84,0.81,-8.18,27
36.7,1,-4.9,-14.86,2.06,-1.16,28
36.733,1,-4.83,-14.95,2.06,-1.16,28
36.767,1,-4.75,-14.97,2.06,-1.16,28
36.8,1,-4.66,-15.01,2.06,-1.16,28
36.833,1,-4.59,-15.05,2.06,-1.16,28
36.867,1,-4.51,-15.13,2.06,-1.16,28
36.9,1,-4.43,-15.22,2.06,-1.16,28
36.933,1,-4.37,-15.27,2.06,-1.16,28
36.967,1,-4.31,-15.27,2.06,-1.16,28
37.0,1,-4.23,-15.39,2.06,-1.16,28
37.033,1,-4.16,-15.4,2.06,-1.16,28
37.067,1,-4.09,-15.51,2.06,-1.16,28
37.1,1,-4.02,-15.57,2.06,-1.16,28
37.133,1,-3.97,-15.5,2.06,-1.16,28
37.167,1,-3.9,-15.52,2.06,-1.16,28
37.2,1,-3.83,-15.54,2.06,-1.16,28
37.233,1,-3.77,-15.57,2.06,-1.16,28
37.267,1,-3.7,-15.59,2.06,-1.16,28
37.3,1,-3.59,-15.86,2.06,-1.16,28
37.333,1,-3.52,-15.93,2.06,-1.16,28
37.367,1,-3.49,-15.81,2.06,-1.16,28
37.4,1,-3.43,-15.83,2.06,-1.16,28
37.433,1,-3.36,-15.86,2.06,-1.16,28
37.467,1,-3.3,-15.83,2.06,-1.16,28
37.5,1,-3.25,-15.8,2.06,-1.16,28
37.533,1,-3.2,-15.79,2.06,-1.16,28
37.567,1,-3.15,-15.79,1.67,-0.02,
37.6,1,-3.09,-15.79,1.67,-0.02,
37.633,1,-3.04,-15.79,1.67,-0.02,
37.667,1,-2.98,-15.8,1.67,-0.02,
37.7,1,-2.93,-15.8,1.67,-0.02,
37.733,0,,,,,
37.767,0,,,,,
37.8,1,-3.26,-15.78,0.0,0.0,
37.833,1,-3.29,-15.7,-0.34,2.59,29
37.867,1,-3.29,-15.65,-0.34,2.59,29
37.9,1,-3.3,-15.54,-0.34,2.59,29
37.933,1,-3.31,-15.59,-0.34,2.59,29
37.967,1,-3.33,-15.38,-0.34,2.59,29
38.0,1,-3.34,-15.35,0.24,-1.72,30
38.033,1,-3.34,-15.32,0.24,-1.72,30
38.067,1,-3.33,-15.36,0.24,-1.72,30
38.1,1,-3.35,-15.43,-1.9,1.59,31
38.133,1,-3.36,-15.43,-1.9,1.59,31
38.167,1,-3.48,-15.28,-1.9,1.59,31
38.2,1,-3.58,-15.25,-1.9,1.59,31
38.233,1,-3.67,-15.19,-1.9,1.59,31
38.267,1,-3.77,-15.12,-1.9,1.59,31
38.3,1,-3.86,-14.94,-1.9,1.59,31
38.333,1,-3.94,-14.84,-1.9,1.59,31
38.367,1,-4.0,-14.83,-1.9,1.59,31
38.4,1,-4.06,-14.8,-1.9,1.59,31
38.433,1,-4.12,-14.67,-1.9,1.59,31
38.467,1,-4.18,-14.59,-1.9,1.59,31
38.5,1,-4.26,-14.56,-1.9,1.59,31
38.533,1,-4.31,-14.57,-1.9,1.59,31
38.567,1,-4.36,-14.53,-1.9,1.59,31
38.6,1,-4.42,-14.44,-1.9,1.59,31
38.633,1,-4.48,-14.4,-1.9,1.59,31
38.667,1,-4.54,-14.32,-1.9,1.59,31
38.7,1,-4.6,-14.31,-1.9,1.59,31
38.733,1,-4.65,-14.3,-1.9,1.59,31
38.767,1,-4.72,-14.28,-1.9,1.59,31
38.8,1,-4.78,-14.23,-1.9,1.59,31
38.833,1,-4.83,-14.23,-1.9,1.59,31
38.867,1,-4.88,-14.19,-1.9,1.59,31
38.9,1,-4.94,-14.17,-1.9,1.59,31
38.933,1,-4.99,-14.15,-1.65,0.75,
38.967,1,-5.05,-14.17,-1.69,0.37,
39.0,1,-5.11,-14.15,-1.69,0.37,
39.033,1,-5.16,-14.14,-1.69,0.37,
39.067,1,-5.22,-14.13,-1.69,0.37,
39.1,1,-5.27,-14.12,-1.69,0.37,
39.133,1,-5.33,-14.1,-1.69,0.37,
39.167,1,-5.39,-14.09,-1.69,0.37,
39.2,0,,,,,
39.233,0,,,,,
39.267,0,,,,,
39.3,0,,,,,
39.333,0,,,,,
39.367,0,,,,,
39.4,0,,,,,
39.433,0,,,,,
39.467,0,,,,,
39.5,0,,,,,
39.533,0,,,,,
39.567,0,,,,,
39.6,0,,,,,
39.633,0,,,,,
39.667,0,,,,,
39.7,0,,,,,
39.733,0,,,,,
39.767,0,,,,,
39.8,0,,,,,
39.833,0,,,,,
39.867,1,-15.05,-2.62,0.03,5.9,32
39.9,1,-15.49,-2.22,0.03,5.9,32
39.933,1,-15.6,-2.25,0.03,5.9,32
39.967,1,-15.7,-2.26,0.03,5.9,32
40.0,1,-15.88,-1.96,0.03,5.9,32
40.033,1,-15.9,-1.86,0.03,5.9,32
40.067,1,-15.87,-1.7,0.03,5.9,32
40.1,1,-15.81,-1.45,0.03,5.9,32
40.133,1,-15.75,-1.22,0.03,5.9,32
40.167,1,-15.67,-0.89,0.03,5.9,32
40.2,1,-15.55,-0.51,0.03,5.9,32
40.233,1,-15.46,-0.15,0.03,5.9,32
40.267,1,-15.41,0.08,0.03,5.9,32
40.3,1,-15.41,0.13,0.03,5.9,32
40.333,1,-15.45,0.03,0.03,5.9,32
40.367,1,-15.43,0.14,0.55,3.44,
40.4,1,-15.41,0.25,0.55,3.44,
40.433,1,-15.39,0.37,0.55,3.44,
40.467,1,-15.37,0.48,0.55,3.44,
40.5,1,-15.36,0.6,0.55,3.44,
40.533,1,-15.34,0.71,0.55,3.44,
40.567,0,,,,,
40.6,0,,,,,
40.633,0,,,,,
40.667,0,,,,,
40.7,0,,,,,
40.733,0,,,,,
40.767,0,,,,,
40.8,0,,,,,
40.833,0,,,,,
40.867,0,,,,,
40.9,0,,,,,
40.933,0,,,,,
40.967,0,,,,,
41.0,0,,,,,
41.033,0,,,,,
41.067,0,,,,,
41.1,0,,,,,
41.133,0,,,,,
41.167,0,,,,,
41.2,0,,,,,
41.233,0,,,,,
41.267,0,,,,,
41.3,0,,,,,
41.333,1,-15.67,2.4,-0.57,2.49,33
41.367,1,-15.69,2.52,-0.57,2.49,33
41.4,1,-15.72,2.63,-0.57,2.49,33
41.433,1,-15.73,2.68,-0.57,2.49,33
41.467,1,-15.75,2.75,-0.55,2.25,
41.5,1,-15.76,2.93,-0.51,3.15,
41.533,1,-15.78,3.04,-0.51,3.15,
41.567,1,-15.8,3.14,-0.51,3.15,
41.6,1,-15.81,3.25,-0.51,3.15,
41.633,1,-15.83,3.35,-0.51,3.15,
41.667,1,-15.85,3.46,-0.51,3.15,
41.7,0,,,,,
41.733,0,,,,,
41.767,0,,,,,
41.8,0,,,,,
41.833,0,,,,,
41.867,0,,,,,
41.9,0,,,,,
41.933,0,,,,,
41.967,0,,,,,
42.0,0,,,,,
42.033,0,,,,,
42.067,0,,,,,
42.1,0,,,,,
42.133,0,,,,,
42.167,0,,,,,
42.2,0,,,,,
42.233,0,,,,,
42.267,0,,,,,
42.3,0,,,,,
42.333,0,,,,,
42.367,0,,,,,
42.4,1,-5.49,6.38,0.0,0.0,
42.433,1,-5.49,6.38,0.0,0.0,
42.467,1,-5.49,6.38,0.0,0.0,
42.5,1,-5.49,6.38,0.0,0.0,
42.533,1,-5.49,6.38,0.0,0.0,
42.567,1,-5.49,6.38,0.0,0.0,
42.6,0,,,,,
42.633,0,,,,,
42.667,0,,,,,
42.7,0,,,,,
42.733,0,,,,,
42.767,1,-4.29,6.26,0.0,0.0,
42.8,1,-4.27,6.22,0.0,0.0,
42.833,1,-4.25,6.26,0.0,0.0,
42.867,1,-4.2,6.23,1.73,0.18,34
42.9,1,-4.17,6.23,1.73,0.18,34
42.933,1,-4.13,6.23,1.73,0.18,34
42.967,1,-4.03,6.16,1.73,0.18,34
43.0,1,-3.97,6.25,1.73,0.18,34
43.033,1,-3.92,6.23,1.73,0.18,34
43.067,1,-3.86,6.24,1.73,0.18,34
43.1,1,-3.78,6.26,1.85,0.29,
43.133,1,-3.69,6.27,5.4,1.5,35
43.167,1,-3.54,6.24,5.4,1.5,35
43.2,1,-3.31,6.27,5.4,1.5,35
43.233,1,-3.13,6.28,5.4,1.5,35
43.267,1,-2.91,6.31,5.4,1.5,35
43.3,1,-2.68,6.35,5.4,1.5,35
43.333,1,-2.49,6.38,5.4,1.5,35
43.367,1,-2.29,6.42,5.4,1.5,35
43.4,1,-2.08,6.52,5.4,1.5,35
43.433,1,-1.92,6.52,5.4,1.5,35
43.467,1,-1.77,6.73,5.4,1.5,35
43.5,1,-1.59,6.76,5.4,1.5,35
43.533,1,-1.45,6.8,5.4,1.5,35
43.567,0,,,,,
43.6,0,,,,,
43.633,0,,,,,
43.667,0,,,,,
43.7,0,,,,,
43.733,0,,,,,
43.767,0,,,,,
43.8,0,,,,,
43.833,0,,,,,
43.867,0,,,,,
43.9,0,,,,,
43.933,0,,,,,
43.967,0,,,,,
44.0,0,,,,,
44.033,0,,,,,
44.067,0,,,,,
44.1,0,,,,,
44.133,0,,,,,
44.167,0,,,,,
44.2,0,,,,,
44.233,0,,,,,
44.267,0,,,,,
44.3,0,,,,,
44.333,0,,,,,
44.367,0,,,,,
44.4,0,,,,,
44.433,0,,,,,
44.467,0,,,,,
44.5,0,,,,,
44.533,0,,,,,
44.567,0,,,,,
44.6,0,,,,,
44.633,0,,,,,
44.667,0,,,,,
44.7,0,,,,,
44.733,0,,,,,
44.767,0,,,,,
44.8,0,,,,,
44.833,0,,,,,
44.867,0,,,,,
44.9,0,,,,,
44.933,0,,,,,
44.967,0,,,,,
45.0,0,,,,,
45.033,0,,,,,
45.067,0,,,,,
45.1,1,8.36,17.15,0.0,0.0,
45.133,1,8.44,17.39,4.37,6.85,36
45.167,1,8.59,17.73,4.37,6.85,36
45.2,1,8.8,18.0,4.37,6.85,36
45.233,1,8.92,18.28,4.37,6.85,36
45.267,1,9.07,18.5,4.37,6.85,36
45.3,1,9.24,18.76,4.37,6.85,36
45.333,1,9.37,18.94,4.37,6.85,36
45.367,1,9.53,19.17,4.37,6.85,36
45.4,1,9.68,19.46,4.37,6.85,36
45.433,1,9.78,19.67,4.37,6.85,36
45.467,1,9.95,19.79,4.37,6.85,36
45.5,1,10.1,20.02,4.37,6.85,36
45.533,1,10.22,20.23,4.37,6.85,36
45.567,1,10.35,20.45,4.13,6.36,
45.6,1,10.49,20.66,4.13,6.36,
45.633,1,10.63,20.87,4.13,6.36,
45.667,1,10.77,21.08,4.13,6.36,
45.7,1,10.9,21.29,4.13,6.36,
45.733,0,,,,,
45.767,0,,,,,
45.8,0,,,,,
45.833,0,,,,,
45.867,0,,,,,
45.9,0,,,,,
45.933,0,,,,,
45.967,0,,,,,
46.0,1,12.15,21.41,4.23,1.29,37
46.033,1,12.31,21.02,4.23,1.29,37
46.067,1,12.41,21.19,4.23,1.29,37
46.1,1,12.8,21.48,4.23,1.29,37
46.133,1,13.0,21.61,4.23,1.29,37
46.167,1,13.2,21.47,4.23,1.29,37
46.2,1,13.34,21.49,4.23,1.29,37
46.233,1,13.48,21.47,4.23,1.29,37
46.267,1,13.58,21.55,4.23,1.29,37
46.3,1,13.72,21.57,4.23,1.29,37
46.333,1,13.84,21.55,4.23,1.29,37
46.367,1,13.92,21.69,4.23,1.29,37
46.4,1,14.06,21.68,4.23,1.29,37
46.433,1,14.13,21.8,4.23,1.29,37
46.467,1,14.24,21.83,4.23,1.29,37
46.5,1,14.37,21.88,4.23,1.29,37
46.533,1,14.47,21.94,4.23,1.29,37
46.567,1,14.53,22.18,3.18,0.11,38
46.6,1,14.63,22.26,3.18,0.11,38
46.633,1,14.77,22.15,3.18,0.11,38
46.667,1,14.92,22.1,3.18,0.11,38
46.7,1,15.04,22.11,3.18,0.11,38
46.733,1,15.16,22.11,3.18,0.11,38
46.767,1,15.28,22.12,3.18,0.11,38
46.8,1,15.4,22.13,3.18,0.11,38
46.833,1,15.33,22.58,3.18,0.11,38
46.867,1,15.43,22.52,3.18,0.11,38
46.9,1,15.62,22.21,3.18,0.11,38
46.933,1,15.71,22.07,3.18,0.11,38
46.967,1,15.82,22.0,3.28,-2.1,
47.0,1,15.93,21.93,3.28,-2.1,
47.033,1,16.04,21.86,3.28,-2.1,
47.067,1,16.15,21.79,3.28,-2.1,
47.1,1,16.26,21.72,3.28,-2.1,
47.133,0,,,,,
47.167,0,,,,,
47.2,0,,,,,
47.233,0,,,,,
47.267,0,,,,,
47.3,0,,,,,
47.333,0,,,,,
47.367,0,,,,,
47.4,0,,,,,
47.433,0,,,,,
47.467,0,,,,,
47.5,0,,,,,
47.533,0,,,,,
47.567,0,,,,,
47.6,0,,,,,
47.633,0,,,,,
47.667,0,,,,,
47.7,0,,,,,
47.733,0,,,,,
47.767,0,,,,,
47.8,0,,,,,
47.833,0,,,,,
47.867,0,,,,,
47.9,0,,,,,
47.933,0,,,,,
47.967,0,,,,,
48.0,0,,,,,
48.033,0,,,,,
48.067,0,,,,,
48.1,0,,,,,
48.133,0,,,,,
48.167,0,,,,,
48.2,0,,,,,
48.233,0,,,,,
48.267,1,19.31,20.18,0.0,0.0,
48.3,1,19.28,20.01,-0.39,-3.68,39
48.333,1,19.24,19.9,-0.39,-3.68,39
48.367,1,19.24,19.62,-0.39,-3.68,39
48.4,1,19.22,19.44,-0.39,-3.68,39
48.433,1,19.2,19.29,-0.39,-3.68,39
48.467,1,19.12,19.27,-0.39,-3.68,39
48.5,1,19.1,19.11,-0.39,-3.68,39
48.533,1,19.06,19.03,-0.39,-3.68,39
48.567,1,19.05,18.86,-0.39,-3.68,39
48.6,1,19.05,18.66,-0.39,-3.68,39
48.633,1,19.05,18.5,-0.39,-3.68,39
48.667,1,19.05,18.37,-0.39,-3.68,39
48.7,1,19.03,18.26,-0.39,-3.68,39
48.733,1,19.03,18.13,-0.39,-3.68,39
48.767,1,19.03,18.0,-0.39,-3.68,39
48.8,1,19.02,17.91,-0.39,-3.68,39
48.833,1,19.01,17.83,-0.39,-3.68,39
48.867,1,19.01,17.71,-0.39,-3.68,39
48.9,1,19.03,17.54,-0.39,-3.68,39
48.933,1,19.02,17.48,-0.39,-3.68,39
48.967,1,19.03,17.34,-0.39,-3.68,39
49.0,1,19.04,17.18,-0.39,-3.68,39
49.033,1,19.03,17.11,-0.39,-3.68,39
49.067,1,19.02,17.01,-0.39,-3.68,39
49.1,1,18.94,16.92,-0.39,-3.68,39
49.133,1,18.87,16.83,-0.39,-3.68,39
49.167,1,18.83,16.72,-0.39,-3.68,39
49.2,1,18.81,16.59,-0.39,-3.68,39
49.233,1,18.8,16.5,-0.39,-3.68,39
49.267,1,18.82,16.38,-0.39,-3.68,39
49.3,1,18.81,16.27,-0.4,-3.28,
49.333,1,18.79,16.16,-0.4,-3.28,
49.367,1,18.78,16.05,-0.4,-3.28,
49.4,1,18.77,15.94,-0.4,-3.28,
49.433,1,18.75,15.84,-0.4,-3.28,
49.467,0,,,,,
49.5,0,,,,,
49.533,0,,,,,
49.567,0,,,,,
49.6,0,,,,,
49.633,0,,,,,
49.667,0,,,,,
49.7,0,,,,,
49.733,0,,,,,
49.767,0,,,,,
49.8,0,,,,,
49.833,0,,,,,
49.867,0,,,,,
49.9,0,,,,,
49.933,0,,,,,
49.967,0,,,,,
50.0,0,,,,,
50.033,0,,,,,
50.067,0,,,,,
50.1,0,,,,,
50.133,0,,,,,
50.167,0,,,,,
50.2,0,,,,,
50.233,0,,,,,
50.267,0,,,,,
50.3,0,,,,,
50.333,0,,,,,
50.367,0,,,,,
50.4,0,,,,,
50.433,0,,,,,
50.467,0,,,,,
50.5,0,,,,,
50.533,0,,,,,
50.567,0,,,,,
50.6,0,,,,,
50.633,0,,,,,
50.667,0,,,,,
50.7,0,,,,,
50.733,0,,,,,
50.767,0,,,,,
50.8,0,,,,,
50.833,0,,,,,
50.867,0,,,,,
50.9,0,,,,,
50.933,0,,,,,
50.967,0,,,,,
51.0,0,,,,,
51.033,0,,,,,
51.067,0,,,,,
51.1,0,,,,,
51.133,0,,,,,
51.167,0,,,,,
51.2,0,,,,,
51.233,0,,,,,
51.267,0,,,,,
51.3,0,,,,,
51.333,0,,,,,
51.367,0,,,,,
51.4,0,,,,,
51.433,0,,,,,
51.467,0,,,,,
51.5,0,,,,,
51.533,0,,,,,
51.567,0,,,,,
51.6,0,,,,,
51.633,0,,,,,
51.667,0,,,,,
51.7,0,,,,,
51.733,0,,,,,
51.767,0,,,,,
51.8,0,,,,,
51.833,0,,,,,
51.867,0,,,,,
51.9,0,,,,,
51.933,0,,,,,
51.967,0,,,,,
52.0,0,,,,,
52.033,0,,,,,
52.067,0,,,,,
52.1,0,,,,,
52.133,0,,,,,
52.167,0,,,,,
52.2,0,,,,,
52.233,0,,,,,
52.267,0,,,,,
52.3,0,,,,,
52.333,0,,,,,
52.367,0,,,,,
52.4,0,,,,,
52.433,0,,,,,
52.467,0,,,,,
52.5,0,,,,,
52.533,0,,,,,
52.567,0,,,,,
52.6,0,,,,,
52.633,0,,,,,
52.667,0,,,,,
52.7,0,,,,,
52.733,0,,,,,
52.767,0,,,,,
52.8,0,,,,,
52.833,0,,,,,
52.867,0,,,,,
52.9,0,,,,,
52.933,0,,,,,
52.967,0,,,,,
53.0,0,,,,,
53.033,0,,,,,
53.067,0,,,,,
53.1,0,,,,,
53.133,0,,,,,
53.167,0,,,,,
53.2,0,,,,,
53.233,0,,,,,
53.267,0,,,,,
53.3,0,,,,,
53.333,0,,,,,
53.367,0,,,,,
53.4,0,,,,,
53.433,0,,,,,
53.467,0,,,,,
53.5,0,,,,,
53.533,0,,,,,
53.567,0,,,,,
53.6,0,,,,,
53.633,0,,,,,
53.667,0,,,,,
53.7,0,,,,,
53.733,0,,,,,
53.767,0,,,,,
53.8,0,,,,,
53.833,0,,,,,
53.867,0,,,,,
53.9,0,,,,,
53.933,0,,,,,
53.967,0,,,,,
54.0,0,,,,,
54.033,0,,,,,
54.067,0,,,,,
54.1,0,,,,,
54.133,1,35.99,-20.74,0.0,0.0,
54.167,1,35.89,-20.48,-1.59,5.12,41
54.2,1,35.83,-20.28,-1.59,5.12,41
54.233,1,35.72,-19.96,-1.59,5.12,41
54.267,1,35.64,-19.74,-1.59,5.12,41
54.3,1,35.58,-19.53,-1.59,5.12,41
54.333,1,35.53,-19.36,-1.59,5.12,41
54.367,1,35.49,-19.23,-1.59,5.12,41
54.4,1,35.43,-19.04,-1.59,5.12,41
54.433,1,35.41,-18.95,-1.59,5.12,41
54.467,1,35.38,-18.87,-1.59,5.12,41
54.5,1,35.31,-18.64,-1.59,5.12,41
54.533,1,35.26,-18.46,-1.59,5.12,41
54.567,1,35.22,-18.32,-1.59,5.12,41
54.6,1,35.17,-18.16,-1.44,4.78,
54.633,1,35.12,-18.0,-1.44,4.78,
54.667,1,35.07,-17.84,-1.44,4.78,
54.7,1,35.02,-17.69,-1.44,4.78,
54.733,1,34.98,-17.53,-1.44,4.78,
54.767,1,34.93,-17.37,-1.44,4.78,
54.8,0,,,,,
54.833,0,,,,,
54.867,1,34.21,-15.42,-4.3,16.88,42
54.9,1,34.21,-15.42,-4.3,16.88,42
54.933,1,33.81,-14.32,-4.3,16.88,42
54.967,1,33.63,-13.83,-4.3,16.88,42
55.0,1,33.39,-13.19,-4.3,16.88,42
55.033,1,33.23,-12.8,-4.3,16.88,42
55.067,1,33.18,-11.74,-4.3,16.88,42
55.1,1,33.07,-10.95,-4.3,16.88,42
55.133,1,32.97,-10.4,-4.3,16.88,42
55.167,1,32.84,-9.91,-4.3,16.88,42
55.2,1,32.68,-9.44,-4.3,16.88,42
55.233,1,32.55,-9.05,-4.3,16.88,42
55.267,1,32.38,-8.62,-4.3,16.88,42
55.3,1,32.22,-8.23,-4.3,16.88,42
55.333,1,32.07,-7.77,-4.45,13.78,
55.367,1,31.92,-7.31,-4.45,13.78,
55.4,1,31.78,-6.85,-4.45,13.78,
55.433,1,31.63,-6.39,-4.45,13.78,
55.467,1,31.48,-5.93,-4.45,13.78,
55.5,0,,,,,
55.533,0,,,,,
55.567,0,,,,,
55.6,0,,,,,
55.633,0,,,,,
55.667,0,,,,,
55.7,0,,,,,
55.733,0,,,,,
55.767,0,,,,,
55.8,0,,,,,
55.833,0,,,,,
55.867,0,,,,,
55.9,1,33.4,-8.12,0.0,0.0,
55.933,1,33.5,-8.16,3.7,-8.59,43
55.967,1,33.68,-8.36,3.7,-8.59,43
56.0,1,33.83,-8.52,3.7,-8.59,43
56.033,1,33.97,-8.69,3.7,-8.59,43
56.067,1,33.98,-9.69,3.7,-8.59,43
56.1,1,34.09,-10.08,3.7,-8.59,43
56.133,1,34.21,-10.02,3.7,-8.59,43
56.167,1,34.39,-10.21,3.7,-8.59,43
56.2,1,34.51,-10.48,3.84,-7.93,
56.233,1,34.64,-10.74,3.84,-7.93,
56.267,1,34.77,-11.01,3.84,-7.93,
56.3,1,34.9,-11.27,3.84,-7.93,
56.333,1,35.03,-11.53,3.84,-7.93,
56.367,0,,,,,
56.4,0,,,,,
56.433,0,,,,,
56.467,0,,,,,
56.5,0,,,,,
56.533,0,,,,,
56.567,0,,,,,
56.6,0,,,,,
56.633,0,,,,,
56.667,1,33.4,-14.08,0.0,0.0,
56.7,1,33.4,-14.08,0.0,0.0,
56.733,1,33.4,-14.08,0.0,0.0,
56.767,1,33.4,-14.08,0.0,0.0,
56.8,1,33.4,-14.08,0.0,0.0,
56.833,1,33.4,-14.08,0.0,0.0,
56.867,1,32.27,-13.79,-9.96,2.51,
56.9,1,31.13,-13.53,-11.47,2.26,
56.933,1,30.12,-13.31,-11.47,2.26,
56.967,1,29.74,-13.24,-11.47,2.26,
57.0,1,29.36,-13.16,-11.47,2.26,
57.033,1,28.81,-12.14,-13.74,10.72,
57.067,1,28.16,-11.47,-9.09,1.27,44
57.1,1,27.62,-10.96,-9.09,1.27,44
57.133,1,27.14,-10.44,-9.09,1.27,44
57.167,1,26.75,-10.24,-9.09,1.27,44
57.2,1,26.39,-10.26,-9.09,1.27,44
57.233,1,26.16,-10.44,-9.09,1.27,44
57.267,1,25.96,-10.79,-9.09,1.27,44
57.3,1,25.66,-10.98,-9.09,1.27,44
57.333,1,25.52,-11.26,-9.09,1.27,44
57.367,1,25.26,-11.46,-9.09,1.27,44
57.4,1,24.95,-11.52,-9.09,1.27,44
57.433,1,24.69,-11.53,-9.09,1.27,44
57.467,1,24.36,-11.46,-9.09,1.27,44
57.5,1,23.98,-11.3,-9.09,1.27,44
57.533,1,23.62,-11.02,-9.09,1.27,44
57.567,1,23.24,-10.68,-9.09,1.27,44
57.6,1,22.78,-10.22,-9.09,1.27,44
57.633,1,22.38,-9.78,-9.09,1.27,44
57.667,1,21.97,-9.47,-9.09,1.27,44
57.7,1,21.75,-9.61,-9.09,1.27,44
57.733,1,21.53,-9.71,-9.09,1.27,44
57.767,1,21.34,-9.95,-9.09,1.27,44
57.8,1,21.12,-10.16,-9.09,1.27,44
57.833,1,20.95,-10.29,-9.09,1.27,44
57.867,1,20.72,-10.39,-9.09,1.27,44
57.9,1,20.45,-10.41,-9.09,1.27,44
57.933,1,20.21,-10.38,-9.09,1.27,44
57.967,1,19.93,-10.27,-9.09,1.27,44
58.0,1,19.55,-9.99,-2.0,-1.91,45
58.033,1,19.21,-9.69,-2.0,-1.91,45
58.067,1,19.17,-10.02,-2.0,-1.91,45
58.1,1,19.09,-10.37,-2.0,-1.91,45
58.133,1,18.99,-10.61,-2.0,-1.91,45
58.167,1,18.82,-10.69,-2.0,-1.91,45
58.2,1,18.66,-10.82,-2.0,-1.91,45
58.233,1,18.5,-10.94,-2.0,-1.91,45
58.267,1,18.33,-11.07,-2.0,-1.91,45
58.3,1,18.17,-11.19,-2.0,-1.91,45
58.333,1,18.01,-11.31,-2.0,-1.91,45
58.367,1,18.41,-10.91,-2.0,-1.91,45
58.4,1,18.29,-10.77,-2.0,-1.91,45
58.433,1,18.31,-10.84,-2.0,-1.91,45
58.467,1,18.29,-10.84,-2.0,-1.91,45
58.5,1,18.36,-11.05,-2.0,-1.91,45
58.533,1,18.38,-11.26,-2.0,-1.91,45
58.567,1,18.35,-11.32,-2.0,-1.91,45
58.6,1,18.34,-11.43,-2.0,-1.91,45
58.633,1,18.3,-11.41,-2.0,-1.91,45
58.667,1,18.21,-11.3,-2.0,-1.91,45
58.7,1,18.17,-11.31,-1.23,-0.4,
58.733,1,18.12,-11.33,-1.23,-0.4,
58.767,1,18.08,-11.34,-1.23,-0.4,
58.8,1,18.04,-11.36,-1.23,-0.4,
58.833,1,18.0,-11.37,-1.23,-0.4,
58.867,0,,,,,
58.9,0,,,,,
58.933,0,,,,,
58.967,0,,,,,
59.0,0,,,,,
59.033,0,,,,,
59.067,1,18.38,-12.19,-0.29,-0.96,46
59.1,1,18.38,-12.19,-0.29,-0.96,46
59.133,1,18.38,-12.19,-0.29,-0.96,46
59.167,1,18.38,-12.19,-0.29,-0.96,46
59.2,1,18.38,-12.19,-0.29,-0.96,46
59.233,1,18.38,-12.19,-0.29,-0.96,46
59.267,1,18.38,-12.19,-0.29,-0.96,46
59.3,1,18.1,-12.13,-0.29,-0.96,46
59.333,1,18.06,-12.12,-0.29,-0.96,46
59.367,1,18.17,-12.28,-0.29,-0.96,46
59.4,1,18.29,-12.47,-0.29,-0.96,46
59.433,1,18.3,-12.52,-0.29,-0.96,46
59.467,1,18.21,-12.46,-0.29,-0.96,46
59.5,1,18.18,-12.45,-0.29,-0.96,46
59.533,1,18.26,-12.68,-0.29,-0.96,46
59.567,1,18.19,-12.63,-0.29,-0.96,46
59.6,1,18.19,-12.68,-0.24,-1.39,
59.633,1,18.18,-12.73,-0.24,-1.39,
59.667,1,18.17,-12.77,-0.24,-1.39,
59.7,1,18.16,-12.82,-0.24,-1.39,
59.733,1,18.15,-12.87,-0.24,-1.39,
59.767,1,18.15,-12.91,-0.24,-1.39,
59.8,0,,,,,
59.833,1,20.16,-16.5,0.0,0.0,
59.867,1,20.16,-16.5,0.0,0.0,
59.9,1,20.16,-16.5,0.0,0.0,
59.933,1,20.16,-16.5,0.0,0.0,
59.967,1,20.16,-16.5,0.0,0.0,
60.0,1,20.16,-16.5,0.0,0.0,
60.033,1,20.16,-16.5,0.0,0.0,
60.067,1,20.64,-17.56,6.57,-13.54,47
60.1,1,21.12,-18.63,6.57,-13.54,47
60.133,1,21.6,-19.69,6.57,-13.54,47
60.167,1,22.07,-20.76,6.57,-13.54,47
60.2,1,22.55,-21.83,6.57,-13.54,47
60.233,1,23.04,-22.88,6.57,-13.54,47
60.267,1,23.32,-23.36,6.57,-13.54,47
60.3,0,,,,,
60.333,0,,,,,
60.367,0,,,,,
60.4,0,,,,,
60.433,0,,,,,
60.467,0,,,,,
60.5,1,24.77,-26.09,0.0,0.0,
60.533,1,24.81,-26.0,0.0,0.0,
60.567,1,24.81,-25.99,0.0,0.0,
60.6,1,24.81,-25.99,0.0,0.0,
60.633,1,24.82,-25.98,0.0,0.0,
60.667,1,24.82,-25.97,0.0,0.0,
60.7,1,24.82,-25.96,0.1,0.27,
60.733,0,,,,,
60.767,1,25.67,-27.84,0.41,1.79,48
60.8,1,25.76,-28.06,0.41,1.79,48
60.833,1,25.81,-28.15,0.41,1.79,48
60.867,1,25.82,-28.05,0.41,1.79,48
60.9,1,25.85,-28.02,0.41,1.79,48
60.933,1,25.82,-27.86,0.41,1.79,48
60.967,1,25.79,-27.62,0.41,1.79,48
61.0,0,,,,,
61.033,0,,,,,
61.067,0,,,,,
61.1,0,,,,,
61.133,0,,,,,
61.167,0,,,,,
61.2,0,,,,,
61.233,0,,,,,
61.267,0,,,,,
61.3,0,,,,,
61.333,0,,,,,
61.367,0,,,,,
61.4,0,,,,,
61.433,0,,,,,
61.467,0,,,,,
61.5,0,,,,,
61.533,0,,,,,
61.567,0,,,,,
61.6,0,,,,,
61.633,0,,,,,
61.667,0,,,,,
61.7,0,,,,,
61.733,0,,,,,
61.767,0,,,,,
61.8,0,,,,,
61.833,0,,,,,
61.867,0,,,,,
61.9,0,,,,,
61.933,0,,,,,
61.967,0,,,,,
62.0,0,,,,,
62.033,0,,,,,
62.067,0,,,,,
62.1,0,,,,,
62.133,0,,,,,
62.167,0,,,,,
62.2,0,,,,,
62.233,0,,,,,
62.267,0,,,,,
62.3,0,,,,,
62.333,0,,,,,
62.367,0,,,,,
62.4,0,,,,,
62.433,0,,,,,
62.467,0,,,,,
62.5,0,,,,,
62.533,0,,,,,
62.567,0,,,,,
62.6,0,,,,,
62.633,0,,,,,
62.667,0,,,,,
62.7,0,,,,,
62.733,0,,,,,
62.767,0,,,,,
62.8,0,,,,,
62.833,0,,,,,
62.867,0,,,,,
62.9,0,,,,,
62.933,0,,,,,
62.967,0,,,,,
63.0,0,,,,,
63.033,0,,,,,
63.067,0,,,,,
63.1,0,,,,,
63.133,0,,,,,
63.167,0,,,,,
63.2,0,,,,,
63.233,0,,,,,
63.267,0,,,,,
63.3,0,,,,,
63.333,0,,,,,
63.367,0,,,,,
63.4,0,,,,,
63.433,0,,,,,
63.467,0,,,,,
63.5,0,,,,,
63.533,0,,,,,
63.567,0,,,,,
63.6,0,,,,,
63.633,0,,,,,
63.667,0,,,,,
63.7,1,19.73,-23.45,-0.83,2.8,49
63.733,1,19.58,-23.41,-0.83,2.8,49
63.767,1,19.33,-23.3,-0.83,2.8,49
63.8,1,18.97,-22.83,-0.83,2.8,49
63.833,1,18.74,-22.58,-0.83,2.8,49
63.867,1,18.47,-22.3,-0.83,2.8,49
63.9,1,18.2,-22.02,-0.83,2.8,49
63.933,1,17.93,-21.74,-0.83,2.8,49
63.967,1,17.75,-21.76,-0.83,2.8,49
64.0,1,17.5,-21.54,-0.83,2.8,49
64.033,1,17.32,-21.38,-0.83,2.8,49
64.067,1,17.11,-21.29,-0.83,2.8,49
64.1,1,16.88,-21.11,-0.83,2.8,49
64.133,1,16.65,-20.94,-0.83,2.8,49
64.167,1,16.82,-21.04,-0.83,2.8,49
64.2,1,16.82,-20.93,-0.83,2.8,49
64.233,1,16.84,-20.84,-0.83,2.8,49
64.267,1,16.84,-20.69,-0.83,2.8,49
64.3,1,16.84,-20.5,-0.83,2.8,49
64.333,1,16.86,-20.39,-0.83,2.8,49
64.367,1,16.87,-20.28,-0.83,2.8,49
64.4,1,17.0,-20.12,-0.83,2.8,49
64.433,1,17.09,-20.0,-0.83,2.8,49
64.467,1,17.14,-19.88,-0.83,2.8,49
64.5,1,17.19,-19.85,-0.83,2.8,49
64.533,1,17.21,-19.8,-0.83,2.8,49
64.567,1,17.22,-19.75,-0.83,2.8,49
64.6,1,17.22,-19.69,-0.83,2.8,49
64.633,1,17.2,-19.65,-0.83,2.8,49
64.667,1,17.19,-19.61,-0.83,2.8,49
64.7,1,17.16,-19.54,-0.83,2.8,49
64.733,1,17.15,-19.47,-0.83,2.8,49
64.767,1,17.14,-19.43,-0.83,2.8,49
64.8,1,17.13,-19.35,-0.83,2.8,49
64.833,1,17.12,-19.29,-0.83,2.8,49
64.867,1,17.11,-19.21,-0.83,2.8,49
64.9,1,17.08,-19.1,-0.83,2.8,49
64.933,1,17.09,-19.04,-0.83,2.8,49
64.967,1,17.1,-18.96,-0.83,2.8,49
65.0,1,17.1,-18.88,-0.83,2.8,49
65.033,1,17.09,-18.85,-0.83,2.8,49
65.067,1,17.1,-18.85,-0.83,2.8,49
65.1,1,17.08,-18.79,-0.83,2.8,49
65.133,1,17.08,-18.77,-0.83,2.8,49
65.167,1,17.08,-18.7,-0.83,2.8,49
65.2,1,17.06,-18.57,-0.83,2.8,49
65.233,1,17.06,-18.5,-0.83,2.8,49
65.267,1,17.05,-18.44,-0.83,2.8,49
65.3,1,17.06,-18.41,-0.83,2.8,49
65.333,1,17.06,-18.35,-0.83,2.8,49
65.367,1,17.09,-18.31,-0.83,2.8,49
65.4,1,17.05,-18.11,-0.83,2.8,49
65.433,1,16.99,-17.91,-0.83,2.8,49
65.467,1,16.96,-17.74,-0.83,2.8,49
65.5,1,16.95,-17.66,-0.83,2.8,49
65.533,1,16.96,-17.63,-0.83,2.8,49
65.567,1,16.94,-17.55,-0.83,2.8,49
65.6,1,16.93,-17.45,-0.83,2.8,49
65.633,1,16.93,-17.41,2.25,-3.47,50
65.667,1,16.92,-17.35,2.25,-3.47,50
65.7,1,16.95,-17.36,2.25,-3.47,50
65.733,1,16.96,-17.35,2.25,-3.47,50
65.767,1,16.93,-17.24,2.25,-3.47,50
65.8,1,16.94,-17.2,2.25,-3.47,50
65.833,1,16.98,-17.21,2.25,-3.47,50
65.867,1,16.98,-17.22,2.25,-3.47,50
65.9,1,16.98,-17.22,2.25,-3.47,50
65.933,1,16.99,-17.21,2.25,-3.47,50
65.967,1,17.07,-17.34,2.25,-3.47,50
66.0,1,17.1,-17.36,2.25,-3.47,50
66.033,1,17.3,-17.73,2.25,-3.47,50
66.067,1,17.47,-17.97,2.25,-3.47,50
66.1,1,17.67,-18.4,2.25,-3.47,50
66.133,1,17.86,-18.73,2.25,-3.47,50
66.167,1,18.06,-19.13,2.25,-3.47,50
66.2,1,18.25,-19.46,2.25,-3.47,50
66.233,1,18.38,-19.69,2.25,-3.47,50
66.267,0,,,,,
66.3,0,,,,,
66.333,0,,,,,
66.367,1,18.95,-20.62,3.68,-8.66,51
66.4,1,19.02,-21.3,3.68,-8.66,51
66.433,1,19.07,-21.39,3.68,-8.66,51
66.467,1,19.21,-21.63,3.68,-8.66,51
66.5,1,19.47,-22.16,3.68,-8.66,51
66.533,1,19.58,-22.45,3.68,-8.66,51
66.567,1,19.7,-22.68,3.68,-8.66,51
66.6,1,19.85,-22.99,3.68,-8.66,51
66.633,1,19.95,-23.23,3.68,-8.66,51
66.667,1,20.06,-23.53,3.68,-8.66,51
66.7,1,20.16,-23.81,3.68,-8.66,51
66.733,1,20.25,-23.97,3.68,-8.66,51
66.767,1,20.35,-24.22,3.22,-7.42,
66.8,1,20.46,-24.47,3.22,-7.42,
66.833,1,20.57,-24.72,3.22,-7.42,
66.867,1,20.67,-24.96,3.22,-7.42,
66.9,1,20.78,-25.21,3.22,-7.42,
66.933,0,,,,,
66.967,0,,,,,
67.0,0,,,,,
67.033,0,,,,,
67.067,0,,,,,
67.1,0,,,,,
67.133,0,,,,,
67.167,0,,,,,
67.2,0,,,,,
67.233,0,,,,,
67.267,1,21.6,-26.69,1.2,-9.78,52
67.3,1,21.72,-26.97,1.2,-9.78,52
67.333,1,21.76,-26.94,1.2,-9.78,52
67.367,1,21.8,-27.0,1.2,-9.78,52
67.4,1,21.79,-27.83,1.2,-9.78,52
67.433,1,21.77,-28.18,1.2,-9.78,52
67.467,1,21.83,-28.54,1.2,-9.78,52
67.5,1,21.92,-28.84,1.2,-9.78,52
67.533,1,21.99,-29.04,1.56,-9.04,
67.567,1,22.08,-29.21,8.01,-11.39,53
67.6,1,22.21,-29.29,8.01,-11.39,53
67.633,1,22.4,-29.51,8.01,-11.39,53
67.667,1,22.71,-29.93,8.01,-11.39,53
67.7,1,22.88,-30.2,5.15,-8.21,
67.733,1,23.05,-30.47,5.15,-8.21,
67.767,1,23.57,-30.92,7.62,-9.46,
67.8,1,23.89,-31.07,8.15,-8.23,
67.833,1,24.16,-31.35,8.15,-8.23,
67.867,1,24.44,-31.62,8.15,-8.23,
67.9,1,24.71,-31.9,8.15,-8.23,
67.933,1,24.98,-32.17,8.15,-8.23,
67.967,1,25.25,-32.44,8.15,-8.23,
68.0,0,,,,,
68.033,0,,,,,
68.067,1,25.42,-31.26,0.0,0.0,
68.1,1,25.59,-31.27,0.0,0.0,
68.133,1,25.66,-31.19,5.01,-3.81,54
68.167,1,25.85,-31.39,5.01,-3.81,54
68.2,1,26.06,-31.56,5.01,-3.81,54
68.233,1,26.18,-31.62,5.01,-3.81,54
68.267,1,26.35,-31.7,5.01,-3.81,54
68.3,1,26.53,-31.8,5.01,-3.81,54
68.333,1,26.7,-32.0,5.01,-3.81,54
68.367,1,26.87,-32.17,4.62,1.46,55
68.4,1,27.12,-31.86,4.62,1.46,55
68.433,1,27.3,-31.63,4.62,1.46,55
68.467,1,27.46,-31.45,4.62,1.46,55
68.5,1,27.62,-31.34,4.62,1.46,55
68.533,1,27.74,-31.3,4.62,1.46,55
68.567,1,27.9,-31.45,4.62,1.46,55
68.6,1,28.08,-31.69,3.74,-2.19,56
68.633,1,28.21,-31.85,3.74,-2.19,56
68.667,1,28.34,-31.97,3.74,-2.19,56
68.7,1,28.49,-32.15,4.46,-3.72,
68.733,1,28.62,-32.28,4.27,-3.78,
68.767,1,28.79,-32.53,4.54,-4.94,
68.8,1,28.94,-32.7,4.54,-4.94,
68.833,1,29.1,-32.86,4.54,-4.94,
68.867,1,29.25,-33.03,4.54,-4.94,
68.9,1,29.4,-33.19,4.54,-4.94,
68.933,1,29.55,-33.36,4.54,-4.94,
68.967,0,,,,,
69.0,0,,,,,
69.033,0,,,,,
69.067,0,,,,,
69.1,0,,,,,
69.133,0,,,,,
69.167,0,,,,,
69.2,0,,,,,
69.233,0,,,,,
69.267,0,,,,,
69.3,0,,,,,
69.333,0,,,,,
69.367,0,,,,,
69.4,0,,,,,
69.433,0,,,,,
69.467,0,,,,,
69.5,0,,,,,
69.533,0,,,,,
69.567,0,,,,,
69.6,0,,,,,
69.633,0,,,,,
69.667,0,,,,,
69.7,1,27.88,-33.05,0.0,0.0,
69.733,1,27.83,-32.95,0.0,0.0,
69.767,1,27.82,-32.94,0.0,0.0,
69.8,1,27.69,-32.65,0.0,0.0,
69.833,1,27.62,-32.52,0.0,0.0,
69.867,1,27.56,-32.38,0.0,0.0,
69.9,1,27.49,-32.24,-1.96,4.16,
69.933,1,27.43,-32.1,-1.96,4.16,
69.967,1,27.36,-31.96,-1.96,4.16,
70.0,0,,,,,
70.033,0,,,,,
70.067,0,,,,,
70.1,1,27.25,-32.19,-1.66,1.84,57
70.133,1,27.22,-32.17,-1.66,1.84,57
70.167,1,27.21,-32.27,-1.66,1.84,57
70.2,1,27.1,-32.09,-1.66,1.84,57
70.233,1,27.03,-32.02,-1.66,1.84,57
70.267,1,26.98,-31.91,-1.66,1.84,57
70.3,1,26.92,-31.83,-1.84,2.48,
70.333,1,26.86,-31.75,-1.84,2.48,
70.367,1,26.8,-31.66,-1.84,2.48,
70.4,1,26.74,-31.58,-1.84,2.48,
70.433,1,26.68,-31.5,-1.84,2.48,
70.467,0,,,,,
70.5,1,26.16,-31.49,0.0,0.0,
70.533,1,26.16,-31.49,0.0,0.0,
70.567,1,26.16,-31.49,0.0,0.0,
70.6,1,26.16,-31.49,0.0,0.0,
70.633,1,26.16,-31.49,0.0,0.0,
70.667,1,26.16,-31.49,0.0,0.0,
70.7,0,,,,,
70.733,0,,,,,
70.767,0,,,,,
70.8,0,,,,,
70.833,0,,,,,
70.867,0,,,,,
70.9,0,,,,,
70.933,0,,,,,
70.967,0,,,,,
71.0,0,,,,,
71.033,0,,,,,
71.067,0,,,,,
71.1,0,,,,,
71.133,0,,,,,
71.167,0,,,,,
71.2,0,,,,,
71.233,0,,,,,
71.267,0,,,,,
71.3,0,,,,,
71.333,0,,,,,
71.367,0,,,,,
71.4,0,,,,,
71.433,0,,,,,
71.467,0,,,,,
71.5,0,,,,,
71.533,0,,,,,
71.567,0,,,,,
71.6,1,22.33,-30.21,0.0,0.0,
71.633,1,22.12,-30.07,0.0,0.0,
71.667,1,21.66,-29.69,0.0,0.0,
71.7,1,21.15,-29.22,0.0,0.0,
71.733,1,20.7,-28.82,0.0,0.0,
71.767,1,20.25,-28.42,0.0,0.0,
71.8,1,19.79,-28.02,-13.58,12.0,
71.833,1,19.34,-27.62,-13.58,12.0,
71.867,1,18.89,-27.22,-13.58,12.0,
71.9,0,,,,,
71.933,0,,,,,
71.967,0,,,,,
72.0,0,,,,,
72.033,0,,,,,
72.067,1,17.56,-27.77,0.0,0.0,
72.1,1,17.21,-27.65,0.0,0.0,
72.133,1,17.07,-27.65,-5.26,2.23,58
72.167,1,16.68,-27.42,-5.26,2.23,58
72.2,1,16.34,-27.23,-5.26,2.23,58
72.233,1,16.09,-27.11,-5.26,2.23,58
72.267,1,15.82,-27.05,-5.26,2.23,58
72.3,1,15.61,-27.05,-5.26,2.23,58
72.333,1,15.44,-27.06,-5.26,2.23,58
72.367,1,15.23,-27.13,-5.26,2.23,58
72.4,1,14.94,-27.08,-5.26,2.23,58
72.433,1,14.72,-26.98,-5.26,2.23,58
72.467,1,14.41,-26.69,-5.26,2.23,58
72.5,1,14.14,-26.55,-5.26,2.23,58
72.533,1,13.93,-26.47,-5.26,2.23,58
72.567,1,13.68,-26.31,-5.26,2.23,58
72.6,1,13.43,-26.17,-5.26,2.23,58
72.633,1,13.24,-26.08,-5.26,2.23,58
72.667,1,13.01,-25.93,-5.26,2.23,58
72.7,1,12.84,-25.9,-5.26,2.23,58
72.733,1,12.67,-25.76,-5.26,2.23,58
72.767,1,12.49,-25.71,-5.26,2.23,58
72.8,1,12.3,-25.61,-5.26,2.23,58
72.833,1,12.11,-25.52,-5.26,2.23,58
72.867,1,11.92,-25.42,-5.26,2.23,58
72.9,1,12.04,-25.59,-5.26,2.23,58
72.933,1,12.06,-25.63,-5.26,2.23,58
72.967,1,12.03,-25.65,-5.26,2.23,58
73.0,1,12.02,-25.68,-5.26,2.23,58
73.033,1,11.97,-25.55,-5.26,2.23,58
73.067,1,11.91,-25.45,-5.26,2.23,58
73.1,1,11.87,-25.42,-5.26,2.23,58
73.133,1,11.88,-25.44,-5.26,2.23,58
73.167,1,11.84,-25.42,-1.0,0.83,
73.2,1,11.81,-25.39,-1.0,0.83,
73.233,1,11.78,-25.36,-1.0,0.83,
73.267,1,11.74,-25.33,-1.0,0.83,
73.3,1,11.71,-25.31,-1.0,0.83,
73.333,1,11.68,-25.28,-1.0,0.83,
73.367,0,,,,,
73.4,0,,,,,
73.433,0,,,,,
73.467,0,,,,,
73.5,0,,,,,
73.533,0,,,,,
73.567,0,,,,,
73.6,0,,,,,
73.633,0,,,,,
73.667,0,,,,,
73.7,0,,,,,
73.733,0,,,,,
73.767,0,,,,,
73.8,0,,,,,
73.833,0,,,,,
73.867,0,,,,,
73.9,0,,,,,
73.933,0,,,,,
73.967,0,,,,,
74.0,0,,,,,
74.033,0,,,,,
74.067,0,,,,,
74.1,0,,,,,
74.133,0,,,,,
74.167,0,,,,,
74.2,0,,,,,
74.233,0,,,,,
74.267,0,,,,,
74.3,0,,,,,
74.333,0,,,,,
74.367,0,,,,,
74.4,0,,,,,
74.433,0,,,,,
74.467,0,,,,,
74.5,1,4.09,-28.43,0.0,0.0,
74.533,1,3.87,-28.35,-12.66,14.01,59
74.567,1,3.41,-27.84,-12.66,14.01,59
74.6,1,2.87,-27.16,-12.66,14.01,59
74.633,1,2.56,-26.88,-12.66,14.01,59
74.667,1,2.16,-26.44,-12.12,20.13,60
74.7,1,1.68,-25.59,-12.12,20.13,60
74.733,1,1.35,-25.07,-12.12,20.13,60
74.767,1,0.98,-24.42,-12.12,20.13,60
74.8,1,0.57,-23.71,-12.12,20.13,60
74.833,1,0.17,-23.1,-11.91,18.42,
74.867,1,-0.23,-22.49,-11.91,18.42,
74.9,1,-0.43,-21.34,-11.15,25.63,
74.933,1,-0.7,-20.2,-10.27,26.32,
74.967,1,-1.09,-19.1,-10.27,26.32,
75.0,1,-1.46,-18.16,-10.27,26.32,
75.033,1,-1.8,-17.28,-10.27,26.32,
75.067,1,-2.14,-16.4,-10.27,26.32,
75.1,0,,,,,
75.133,0,,,,,
75.167,0,,,,,
75.2,0,,,,,
75.233,1,-3.0,-10.64,-6.7,16.05,61
75.267,1,-3.22,-9.49,-6.7,16.05,61
75.3,1,-3.41,-8.34,-6.7,16.05,61
75.333,1,-3.59,-7.19,-6.7,16.05,61
75.367,1,-3.8,-6.04,-6.7,16.05,61
75.4,1,-4.12,-4.92,-6.7,16.05,61
75.433,1,-4.63,-4.09,-6.7,16.05,61
75.467,1,-4.88,-4.54,-4.37,-6.94,62
75.5,1,-5.1,-4.34,-4.37,-6.94,62
75.533,1,-5.33,-4.14,-4.37,-6.94,62
75.567,1,-5.55,-3.95,-4.37,-6.94,62
75.6,1,-5.78,-3.75,-4.37,-6.94,62
75.633,1,-6.0,-3.56,-4.37,-6.94,62
75.667,1,-6.1,-4.72,-4.37,-6.94,62
75.7,1,-6.31,-5.86,-4.37,-6.94,62
75.733,1,-6.69,-6.95,-4.37,-6.94,62
75.767,1,-6.91,-7.24,-4.37,-6.94,62
75.8,1,-7.14,-7.54,-4.37,-6.94,62
75.833,1,-7.36,-7.84,-4.37,-6.94,62
75.867,1,-6.58,-8.49,-4.37,-6.94,62
75.9,1,-6.55,-9.13,0.8,-4.91,63
75.933,1,-6.54,-9.48,0.8,-4.91,63
75.967,1,-6.48,-9.76,0.8,-4.91,63
76.0,1,-6.46,-10.14,0.8,-4.91,63
76.033,1,-6.4,-10.37,0.8,-4.91,63
76.067,1,-6.34,-10.38,0.8,-4.91,63
76.1,1,-6.32,-10.14,0.8,-4.91,63
76.133,0,,,,,
76.167,0,,,,,
76.2,0,,,,,
76.233,0,,,,,
76.267,0,,,,,
76.3,0,,,,,
76.333,0,,,,,
76.367,0,,,,,
76.4,0,,,,,
76.433,0,,,,,
76.467,0,,,,,
76.5,0,,,,,
76.533,0,,,,,
76.567,0,,,,,
76.6,0,,,,,
76.633,0,,,,,
76.667,0,,,,,
76.7,0,,,,,
76.733,0,,,,,
76.767,0,,,,,
76.8,0,,,,,
76.833,0,,,,,
76.867,0,,,,,
76.9,0,,,,,
76.933,0,,,,,
76.967,0,,,,,
77.0,0,,,,,
77.033,0,,,,,
77.067,0,,,,,
77.1,0,,,,,
77.133,0,,,,,
77.167,0,,,,,
77.2,0,,,,,
77.233,0,,,,,
77.267,0,,,,,
77.3,0,,,,,
77.333,0,,,,,
77.367,1,-3.67,0.14,0.0,0.0,
77.4,1,-3.63,-0.02,1.29,1.19,64
77.433,1,-3.72,0.05,1.29,1.19,64
77.467,1,-3.61,-0.09,1.29,1.19,64
77.5,1,-3.55,0.07,1.29,1.19,64
77.533,1,-3.51,0.11,0.18,2.29,65
77.567,1,-3.47,0.15,0.18,2.29,65
77.6,1,-3.43,0.19,0.18,2.29,65
77.633,1,-3.36,0.38,0.18,2.29,65
77.667,1,-3.31,0.62,0.18,2.29,65
77.7,1,-3.31,0.86,0.18,2.29,65
77.733,1,-3.28,0.82,0.18,2.29,65
77.767,1,-3.25,0.74,0.18,2.29,65
77.8,1,-3.19,0.68,0.18,2.29,65
77.833,1,-3.14,0.58,0.18,2.29,65
77.867,1,-3.07,0.59,0.18,2.29,65
77.9,1,-3.1,0.79,0.18,2.29,65
77.933,1,-3.05,0.9,0.18,2.29,65
77.967,1,-2.98,0.95,0.18,2.29,65
78.0,1,-2.89,0.86,0.18,2.29,65
78.033,1,-2.86,0.97,0.18,2.29,65
78.067,1,-2.81,1.01,0.18,2.29,65
78.1,1,-2.77,1.05,0.18,2.29,65
78.133,1,-2.73,1.21,0.18,2.29,65
78.167,1,-2.68,1.29,0.18,2.29,65
78.2,1,-2.63,1.25,0.18,2.29,65
78.233,1,-2.61,1.27,0.18,2.29,65
78.267,1,-2.58,1.32,0.18,2.29,65
78.3,1,-2.55,1.34,0.18,2.29,65
78.333,1,-2.51,1.38,0.18,2.29,65
78.367,1,-2.47,1.42,0.18,2.29,65
78.4,1,-2.44,1.45,0.18,2.29,65
78.433,1,-2.4,1.49,0.18,2.29,65
78.467,1,-2.36,1.53,0.18,2.29,65
78.5,1,-2.33,1.66,0.18,2.29,65
78.533,1,-2.3,1.71,0.18,2.29,65
78.567,1,-2.26,1.77,0.18,2.29,65
78.6,1,-2.38,1.84,0.18,2.29,65
78.633,1,-2.43,1.94,0.18,2.29,65
78.667,1,-2.44,2.01,0.18,2.29,65
78.7,1,-2.45,2.08,0.18,2.29,65
78.733,1,-2.46,2.14,0.18,2.29,65
78.767,1,-2.61,2.55,0.18,2.29,65
78.8,1,-2.68,2.76,0.18,2.29,65
78.833,1,-2.69,2.82,0.18,2.29,65
78.867,1,-2.7,2.88,0.18,2.29,65
78.9,1,-2.77,3.09,0.18,2.29,65
78.933,1,-2.79,3.17,0.18,2.29,65
78.967,1,-2.85,3.28,0.18,2.29,65
79.0,1,-2.86,3.3,0.18,2.29,65
79.033,1,-2.87,3.32,0.18,2.29,65
79.067,1,-2.9,3.49,0.18,2.29,65
79.1,1,-2.91,3.58,0.18,2.29,65
79.133,1,-2.93,3.77,0.18,2.29,65
79.167,1,-2.9,3.85,0.18,2.29,65
79.2,1,-2.89,3.89,0.18,2.29,65
79.233,1,-2.9,3.96,0.18,2.29,65
79.267,1,-2.91,4.01,0.18,2.29,65
79.3,1,-2.95,4.11,0.18,2.29,65
79.333,1,-2.97,4.21,0.18,2.29,65
79.367,1,-2.99,4.3,0.18,2.29,65
79.4,1,-3.12,4.62,0.18,2.29,65
79.433,1,-3.2,4.78,0.18,2.29,65
79.467,1,-3.3,5.0,0.18,2.29,65
79.5,1,-3.45,5.35,-2.07,4.53,66
79.533,1,-3.51,5.48,-2.07,4.53,66
79.567,1,-3.62,5.73,-2.07,4.53,66
79.6,1,-3.74,5.9,-2.07,4.53,66
79.633,1,-3.81,6.03,-2.07,4.53,66
79.667,1,-3.92,6.22,-2.07,4.53,66
79.7,1,-4.01,6.45,-2.07,4.53,66
79.733,1,-4.07,6.51,-2.07,4.53,66
79.767,1,-4.13,6.66,-2.07,4.53,66
79.8,1,-4.16,6.8,-2.07,4.53,66
79.833,1,-4.22,6.99,-2.07,4.53,66
79.867,1,-4.3,7.16,-2.07,4.53,66
79.9,1,-4.35,7.2,-2.07,4.53,66
79.933,1,-4.45,7.38,-2.07,4.53,66
79.967,1,-4.49,7.53,-2.07,4.53,66
80.0,1,-4.55,7.69,-2.07,4.53,66
80.033,1,-4.59,7.82,-2.07,4.53,66
80.067,1,-4.62,7.89,-2.07,4.53,66
80.1,1,-4.67,8.01,-1.46,3.63,
80.133,1,-4.72,8.13,-1.46,3.63,
80.167,1,-4.77,8.25,-1.46,3.63,
80.2,1,-4.82,8.37,-1.46,3.63,
80.233,1,-4.87,8.5,-1.46,3.63,
80.267,0,,,,,
80.3,1,-9.05,7.08,-19.46,-1.85,67
80.333,1,-9.74,7.37,-19.46,-1.85,67
80.367,1,-10.31,7.32,-19.46,-1.85,67
80.4,1,-10.96,6.98,-19.46,-1.85,67
80.433,1,-11.53,6.77,0.0,0.0,
80.467,1,-12.1,6.57,0.0,0.0,
80.5,1,-12.67,6.36,-17.16,-6.23,
80.533,1,-13.24,6.15,-17.16,-6.23,
80.567,1,-13.82,5.94,-17.16,-6.23,
80.6,1,-14.39,5.74,-17.16,-6.23,
80.633,0,,,,,
80.667,0,,,,,
80.7,0,,,,,
80.733,0,,,,,
80.767,0,,,,,
80.8,0,,,,,
80.833,0,,,,,
80.867,0,,,,,
80.9,0,,,,,
80.933,0,,,,,
80.967,0,,,,,
81.0,0,,,,,
81.033,0,,,,,
81.067,0,,,,,
81.1,0,,,,,
81.133,0,,,,,
81.167,0,,,,,
81.2,0,,,,,
81.233,0,,,,,
81.267,0,,,,,
81.3,0,,,,,
81.333,0,,,,,
81.367,0,,,,,
81.4,0,,,,,
81.433,0,,,,,
81.467,0,,,,,
81.5,0,,,,,
81.533,0,,,,,
81.567,0,,,,,
81.6,0,,,,,
81.633,0,,,,,
81.667,0,,,,,
81.7,0,,,,,
81.733,0,,,,,
81.767,0,,,,,
81.8,0,,,,,
81.833,0,,,,,
81.867,0,,,,,
81.9,0,,,,,
81.933,0,,,,,
81.967,0,,,,,
82.0,0,,,,,
82.033,0,,,,,
82.067,0,,,,,
82.1,0,,,,,
82.133,0,,,,,
82.167,0,,,,,
82.2,0,,,,,
82.233,0,,,,,
82.267,0,,,,,
82.3,0,,,,,
82.333,0,,,,,
82.367,0,,,,,
82.4,1,-30.49,-2.98,-5.44,-1.63,68
82.433,1,-30.81,-3.07,-5.44,-1.63,68
82.467,1,-30.89,-2.89,-5.44,-1.63,68
82.5,1,-31.05,-3.13,-5.44,-1.63,68
82.533,1,-31.18,-3.38,0.0,0.0,
82.567,1,-31.31,-3.53,0.0,0.0,
82.6,1,-31.62,-3.66,0.0,0.0,
82.633,1,-31.8,-3.8,-5.36,-4.33,
82.667,1,-31.97,-3.95,-5.36,-4.33,
82.7,1,-32.15,-4.09,-5.36,-4.33,
82.733,1,-32.33,-4.23,-5.36,-4.33,
82.767,1,-32.51,-4.38,-5.36,-4.33,
82.8,0,,,,,
82.833,0,,,,,
82.867,0,,,,,
82.9,0,,,,,
82.933,0,,,,,
82.967,0,,,,,
83.0,0,,,,,
83.033,0,,,,,
83.067,0,,,,,
83.1,0,,,,,
83.133,0,,,,,
83.167,0,,,,,
83.2,1,-30.95,-7.74,2.8,-5.23,69
83.233,1,-30.64,-8.22,2.8,-5.23,69
83.267,1,-30.61,-8.27,2.8,-5.23,69
83.3,1,-30.58,-8.32,2.8,-5.23,69
83.333,1,-30.55,-8.37,2.8,-5.23,69
83.367,1,-30.52,-8.42,2.8,-5.23,69
83.4,1,-29.83,-9.36,2.8,-5.23,69
83.433,1,-29.57,-9.64,2.8,-5.23,69
83.467,1,-29.4,-9.78,2.8,-5.23,69
83.5,1,-29.24,-10.2,2.8,-5.23,69
83.533,1,-29.27,-10.33,2.8,-5.23,69
83.567,1,-29.16,-10.56,2.8,-5.23,69
83.6,1,-29.11,-10.54,2.8,-5.23,69
83.633,1,-29.06,-10.58,2.8,-5.23,69
83.667,1,-28.97,-10.68,2.8,-5.23,69
83.7,1,-28.86,-10.77,2.8,-5.23,69
83.733,1,-28.76,-10.83,2.8,-5.23,69
83.767,1,-28.71,-11.07,2.8,-5.23,69
83.8,1,-28.6,-11.21,2.8,-5.23,69
83.833,1,-28.51,-11.31,2.8,-5.23,69
83.867,1,-28.5,-11.64,2.8,-5.23,69
83.9,1,-28.5,-12.0,2.8,-5.23,69
83.933,1,-28.46,-12.24,2.8,-5.23,69
83.967,1,-28.39,-12.36,2.8,-5.23,69
84.0,1,-28.33,-12.56,2.8,-5.23,69
84.033,1,-28.28,-12.77,2.8,-5.23,69
84.067,1,-28.22,-12.89,2.8,-5.23,69
84.1,1,-28.1,-12.88,2.8,-5.23,69
84.133,1,-28.01,-12.93,2.8,-5.23,69
84.167,1,-27.93,-13.03,2.33,-3.22,
84.2,1,-27.85,-13.14,2.33,-3.22,
84.233,1,-27.77,-13.25,2.33,-3.22,
84.267,1,-27.7,-13.35,2.33,-3.22,
84.3,1,-27.62,-13.46,2.33,-3.22,
84.333,1,-27.54,-13.57,2.33,-3.22,
84.367,0,,,,,
84.4,0,,,,,
84.433,0,,,,,
84.467,0,,,,,
84.5,0,,,,,
84.533,0,,,,,
84.567,0,,,,,
84.6,0,,,,,
84.633,0,,,,,
84.667,1,-28.19,-15.02,-0.55,-1.47,70
84.7,1,-28.2,-15.05,-0.55,-1.47,70
84.733,1,-28.22,-15.03,-0.55,-1.47,70
84.767,1,-28.29,-15.26,-0.55,-1.47,70
84.8,1,-28.31,-15.27,-0.55,-1.47,70
84.833,1,-28.3,-15.26,-0.55,-1.47,70
84.867,1,-28.32,-15.34,-0.55,-1.47,70
84.9,1,-28.35,-15.41,-0.55,-1.47,70
84.933,1,-28.34,-15.4,-0.55,-1.47,70
84.967,1,-28.36,-15.45,-0.4,-1.24,
85.0,1,-28.37,-15.49,-0.4,-1.24,
85.033,1,-28.38,-15.53,-0.4,-1.24,
85.067,1,-28.39,-15.57,-0.4,-1.24,
85.1,1,-28.41,-15.61,-0.4,-1.24,
85.133,0,,,,,
85.167,1,-28.31,-16.08,1.39,0.08,71
85.2,1,-28.18,-15.82,1.39,0.08,71
85.233,1,-28.2,-15.94,1.39,0.08,71
85.267,1,-28.19,-16.01,1.39,0.08,71
85.3,1,-28.14,-16.07,1.39,0.08,71
85.333,1,-28.06,-16.0,1.39,0.08,71
85.367,1,-28.0,-15.95,0.51,-1.13,72
85.4,1,-27.95,-15.98,0.51,-1.13,72
85.433,1,-27.93,-16.09,0.51,-1.13,72
85.467,1,-27.9,-16.11,0.51,-1.13,72
85.5,1,-27.86,-16.14,0.51,-1.13,72
85.533,1,-27.84,-16.17,0.51,-1.13,72
85.567,1,-27.8,-16.2,0.51,-1.13,72
85.6,1,-27.77,-16.23,0.51,-1.13,72
85.633,1,-27.85,-16.24,0.51,-1.13,72
85.667,1,-27.84,-16.26,0.27,-0.77,
85.7,1,-27.83,-16.29,0.27,-0.77,
85.733,1,-27.82,-16.31,0.27,-0.77,
85.767,1,-27.81,-16.34,0.27,-0.77,
85.8,1,-27.8,-16.37,0.27,-0.77,
85.833,1,-27.79,-16.39,0.27,-0.77,
85.867,0,,,,,
85.9,0,,,,,
85.933,0,,,,,
85.967,0,,,,,
86.0,1,-28.66,-16.29,-1.21,1.53,73
86.033,1,-28.67,-16.25,-1.21,1.53,73
86.067,1,-28.69,-16.13,-1.21,1.53,73
86.1,1,-28.76,-16.15,-1.21,1.53,73
86.133,1,-28.79,-16.1,-1.21,1.53,73
86.167,1,-28.81,-15.97,-1.21,1.53,73
86.2,1,-28.84,-15.86,-1.21,1.53,73
86.233,1,-28.88,-15.79,-1.21,1.53,73
86.267,1,-28.95,-15.82,-1.21,1.53,73
86.3,1,-28.98,-15.73,-1.21,1.53,73
86.333,1,-29.04,-15.76,-1.21,1.53,73
86.367,1,-29.08,-15.73,-1.21,1.53,73
86.4,1,-29.23,-15.81,-2.31,-0.09,
86.433,1,-29.35,-15.92,-2.7,-0.97,
86.467,1,-29.44,-15.95,-2.7,-0.97,
86.5,1,-29.89,-15.87,-5.57,-0.04,
86.533,1,-30.23,-15.74,-6.84,1.01,
86.567,1,-30.45,-15.7,-6.84,1.01,
86.6,1,-30.68,-15.67,-6.84,1.01,
86.633,1,-30.91,-15.64,-6.84,1.01,
86.667,1,-31.14,-15.6,-6.84,1.01,
86.7,1,-31.37,-15.57,-6.84,1.01,
86.733,0,,,,,
86.767,0,,,,,
86.8,0,,,,,
86.833,0,,,,,
86.867,0,,,,,
86.9,0,,,,,
86.933,0,,,,,
86.967,0,,,,,
87.0,1,-34.8,-9.17,0.0,0.0,
87.033,1,-34.96,-8.95,0.0,0.0,
87.067,1,-34.97,-8.93,0.0,0.0,
87.1,1,-34.99,-8.91,0.0,0.0,
87.133,1,-35.0,-8.88,0.0,0.0,
87.167,1,-35.02,-8.86,0.0,0.0,
87.2,1,-35.03,-8.84,-0.46,0.66,
87.233,0,,,,,
87.267,1,-36.92,-6.5,-4.96,7.75,74
87.3,1,-36.91,-5.45,-4.96,7.75,74
87.333,1,-37.01,-5.14,-4.96,7.75,74
87.367,1,-37.26,-4.68,-4.96,7.75,74
87.4,1,-37.55,-4.33,-4.96,7.75,74
87.433,1,-37.76,-4.06,-4.96,7.75,74
87.467,1,-37.98,-3.73,-4.96,7.75,74
87.5,1,-38.19,-3.35,-4.96,7.75,74
87.533,1,-38.39,-3.09,-4.96,7.75,74
87.567,1,-38.61,-2.87,-4.96,7.75,74
87.6,1,-38.87,-2.66,-4.96,7.75,74
87.633,1,-39.06,-2.45,-4.96,7.75,74
87.667,1,-39.25,-2.21,-4.96,7.75,74
87.7,1,-39.42,-1.84,-4.96,7.75,74
87.733,1,-39.52,-1.51,-4.96,7.75,74
87.767,1,-39.69,-1.2,-4.96,7.75,74
87.8,1,-39.86,-0.96,-4.96,7.75,74
87.833,1,-39.98,-0.74,-4.96,7.75,74
87.867,1,-40.13,-0.47,-4.96,7.75,74
87.9,1,-40.32,-0.28,-4.96,7.75,74
87.933,1,-40.42,-0.02,-4.96,7.75,74
87.967,1,-40.56,0.15,-4.96,7.75,74
88.0,1,-40.7,0.43,-4.96,7.75,74
88.033,1,-40.8,0.65,-4.96,7.75,74
88.067,1,-40.96,0.81,-4.96,7.75,74
88.1,1,-41.12,1.05,-4.96,7.75,74
88.133,1,-41.3,1.1,-4.96,7.75,74
88.167,1,-41.45,1.25,-4.96,7.75,74
88.2,1,-41.57,1.53,-4.96,7.75,74
88.233,1,-41.63,1.85,-4.96,7.75,74
88.267,1,-41.75,2.09,-4.96,7.75,74
88.3,1,-41.92,2.3,-4.96,7.75,74
88.333,1,-42.06,2.53,-4.06,6.85,
88.367,1,-42.19,2.75,-4.06,6.85,
88.4,1,-42.33,2.98,-4.06,6.85,
88.433,1,-42.46,3.21,-4.06,6.85,
88.467,1,-42.6,3.44,-4.06,6.85,
88.5,0,,,,,
88.533,0,,,,,
88.567,0,,,,,
88.6,0,,,,,
88.633,0,,,,,
88.667,0,,,,,
88.7,0,,,,,
88.733,0,,,,,
88.767,0,,,,,
88.8,0,,,,,
88.833,0,,,,,
88.867,1,-42.18,3.51,0.0,0.0,
88.9,1,-42.18,3.51,0.0,0.0,
88.933,1,-42.18,3.51,0.0,0.0,
88.967,1,-42.18,3.51,0.0,0.0,
89.0,1,-42.18,3.51,0.0,0.0,
89.033,1,-42.18,3.51,0.0,0.0,
89.067,0,,,,,
89.1,0,,,,,
89.133,1,-42.3,3.78,0.0,0.0,
89.167,1,-42.3,3.78,0.0,0.0,
89.2,1,-42.3,3.78,0.0,0.0,
89.233,1,-42.3,3.78,0.0,0.0,
89.267,1,-42.3,3.78,0.0,0.0,
89.3,1,-42.3,3.78,0.0,0.0,
89.333,1,-42.18,4.94,0.74,5.56,75
89.367,1,-42.11,5.4,0.74,5.56,75
89.4,1,-42.3,5.75,0.74,5.56,75
89.433,1,-42.37,6.07,0.74,5.56,75
89.467,1,-42.41,6.42,0.74,5.56,75
89.5,1,-42.33,7.15,0.74,5.56,75
89.533,1,-42.3,7.45,0.74,5.56,75
89.567,1,-42.23,7.8,0.74,5.56,75
89.6,1,-42.11,8.33,0.74,5.56,75
89.633,1,-41.97,8.72,0.74,5.56,75
89.667,1,-41.89,9.13,0.74,5.56,75
89.7,1,-41.88,9.46,0.74,5.56,75
89.733,1,-41.87,9.7,0.74,5.56,75
89.767,1,-41.82,9.94,0.74,5.56,75
89.8,1,-41.75,10.22,0.74,5.56,75
89.833,1,-41.72,10.31,0.74,5.56,75
89.867,1,-41.66,10.76,0.74,5.56,75
89.9,1,-41.62,11.12,0.74,5.56,75
89.933,1,-41.6,11.37,0.74,5.56,75
89.967,1,-41.54,11.66,0.74,5.56,75
90.0,1,-41.49,11.89,0.74,5.56,75
90.033,1,-41.45,12.13,0.74,5.56,75
90.067,1,-41.39,12.55,0.74,5.56,75
90.1,1,-41.33,12.82,0.74,5.56,75
90.133,1,-41.26,13.05,0.74,5.56,75
90.167,1,-41.19,13.4,0.74,5.56,75
90.2,1,-41.16,13.69,0.74,5.56,75
90.233,1,-41.16,13.79,0.74,5.56,75
90.267,1,-41.15,13.81,0.74,5.56,75
90.3,1,-41.12,13.99,0.74,5.56,75
90.333,1,-41.09,14.16,0.74,5.56,75
90.367,1,-41.06,14.33,0.74,5.56,75
90.4,1,-41.03,14.5,0.74,5.56,75
90.433,1,-41.0,14.68,0.74,5.56,75
90.467,1,-41.12,14.27,0.74,5.56,75
90.5,1,-41.15,14.32,0.74,5.56,75
90.533,1,-41.11,14.48,0.74,5.56,75
90.567,1,-41.1,14.55,0.74,5.56,75
90.6,1,-41.13,14.57,0.74,5.56,75
90.633,1,-41.1,14.63,0.74,5.56,75
90.667,1,-41.12,14.64,0.74,5.56,75
90.7,1,-41.16,14.64,0.74,5.56,75
90.733,1,-41.15,14.59,0.74,5.56,75
90.767,1,-41.13,14.68,0.74,5.56,75
90.8,1,-41.15,14.68,0.74,5.56,75
90.833,1,-41.14,14.7,0.74,5.56,75
90.867,1,-41.19,14.69,0.74,5.56,75
90.9,1,-41.19,14.77,0.74,5.56,75
90.933,1,-41.26,14.7,0.74,5.56,75
90.967,1,-41.23,14.68,0.74,5.56,75
91.0,1,-41.18,14.7,0.74,5.56,75
91.033,1,-41.19,14.45,0.74,5.56,75
91.067,1,-41.18,14.38,0.11,-2.16,
91.1,1,-41.18,14.31,0.11,-2.16,
91.133,1,-41.18,14.24,0.11,-2.16,
91.167,1,-41.17,14.16,0.11,-2.16,
91.2,1,-41.17,14.09,0.11,-2.16,
91.233,0,,,,,
91.267,0,,,,,
91.3,0,,,,,
91.333,0,,,,,
91.367,0,,,,,
91.4,0,,,,,
91.433,0,,,,,
91.467,0,,,,,
91.5,0,,,,,
91.533,0,,,,,
91.567,0,,,,,
91.6,0,,,,,
91.633,0,,,,,
91.667,0,,,,,
91.7,1,-41.64,14.87,0.0,0.0,
91.733,1,-41.64,14.87,0.0,0.0,
91.767,1,-41.64,14.87,0.0,0.0,
91.8,1,-41.64,14.87,0.0,0.0,
91.833,1,-41.64,14.87,0.0,0.0,
91.867,1,-41.64,14.87,0.0,0.0,
91.9,0,,,,,
91.933,0,,,,,
91.967,0,,,,,
92.0,0,,,,,
92.033,0,,,,,
92.067,0,,,,,
92.1,0,,,,,
92.133,0,,,,,
92.167,0,,,,,
92.2,0,,,,,
92.233,0,,,,,
92.267,1,-41.58,16.23,0.0,0.0,
92.3,1,-41.59,17.14,-0.7,-1.2,76
92.333,1,-41.63,16.21,-0.7,-1.2,76
92.367,1,-41.67,15.86,-0.7,-1.2,76
92.4,1,-41.81,15.68,-0.7,-1.2,76
92.433,1,-41.79,15.57,-0.7,-1.2,76
92.467,1,-41.79,15.84,-0.7,-1.2,76
92.5,1,-41.82,15.74,-0.7,-1.2,76
92.533,1,-41.79,16.14,-0.7,-1.2,76
92.567,1,-41.81,16.17,-0.47,0.94,
92.6,1,-41.83,16.21,-0.47,0.94,
92.633,1,-41.84,16.24,-0.47,0.94,
92.667,1,-41.44,17.16,5.79,9.06,77
92.7,1,-41.24,17.64,5.79,9.06,77
92.733,1,-41.07,17.96,5.79,9.06,77
92.767,1,-40.86,18.28,5.79,9.06,77
92.8,1,-40.54,18.74,5.97,10.33,
92.833,1,-40.22,19.11,11.19,17.1,78
92.867,1,-39.99,19.46,11.19,17.1,78
92.9,1,-39.76,19.82,11.19,17.1,78
92.933,1,-39.52,20.17,11.19,17.1,78
92.967,1,-39.29,20.52,11.19,17.1,78
93.0,1,-38.61,21.47,11.19,17.1,78
93.033,1,-37.9,22.4,11.19,17.1,78
93.067,1,-37.23,23.35,11.19,17.1,78
93.1,1,-36.61,24.34,11.19,17.1,78
93.133,1,-36.17,24.97,11.19,17.1,78
93.167,1,-35.99,25.31,11.19,17.1,78
93.2,1,-35.85,25.51,7.07,10.84,
93.233,1,-35.77,25.76,5.63,9.86,
93.267,1,-35.54,26.02,6.03,9.27,
93.3,1,-35.23,26.12,5.88,4.77,79
93.333,1,-34.94,26.68,5.88,4.77,79
93.367,1,-34.56,27.31,5.88,4.77,79
93.4,1,-34.16,27.39,5.88,4.77,79
93.433,1,-33.81,27.53,5.88,4.77,79
93.467,1,-33.33,27.85,5.88,4.77,79
93.5,1,-32.95,28.11,5.88,4.77,79
93.533,1,-32.7,28.31,5.88,4.77,79
93.567,1,-32.48,28.57,5.88,4.77,79
93.6,1,-32.29,28.8,5.88,4.77,79
93.633,1,-32.19,28.95,5.88,4.77,79
93.667,1,-32.01,29.13,5.88,4.77,79
93.7,1,-31.76,29.52,5.88,4.77,79
93.733,1,-31.56,29.69,5.88,4.77,79
93.767,1,-31.34,29.93,5.88,4.77,79
93.8,1,-31.13,30.16,5.88,4.77,79
93.833,1,-30.92,30.4,5.88,4.77,79
93.867,1,-31.47,29.37,5.88,4.77,79
93.9,1,-31.58,29.09,5.88,4.77,79
93.933,1,-31.61,28.7,2.15,-2.71,80
93.967,1,-31.57,28.54,2.15,-2.71,80
94.0,1,-31.5,28.45,2.15,-2.71,80
94.033,1,-31.44,28.39,2.15,-2.71,80
94.067,1,-31.32,28.04,5.19,4.64,81
94.1,1,-31.16,28.18,5.19,4.64,81
94.133,1,-30.99,28.38,5.19,4.64,81
94.167,1,-30.87,28.38,3.54,-0.04,
94.2,1,-30.75,28.38,3.54,-0.04,
94.233,1,-30.63,28.38,3.54,-0.04,
94.267,1,-29.93,29.11,7.23,4.57,
94.3,1,-29.5,29.56,18.47,25.53,82
94.333,1,-29.18,29.88,18.47,25.53,82
94.367,1,-28.76,30.37,18.47,25.53,82
94.4,1,-28.1,31.32,18.47,25.53,82
94.433,1,-27.41,32.27,15.34,19.43,
94.467,1,-26.81,33.27,16.44,23.1,
94.5,1,-26.19,34.0,16.44,23.1,
94.533,1,-25.65,34.0,16.44,23.1,
94.567,1,-25.1,34.0,16.44,23.1,
94.6,1,-24.55,34.0,16.44,23.1,
94.633,1,-24.0,34.0,16.44,23.1,
94.667,0,,,,,
94.7,0,,,,,
94.733,0,,,,,
94.767,0,,,,,
94.8,0,,,,,
94.833,0,,,,,
94.867,0,,,,,
94.9,0,,,,,
94.933,0,,,,,
94.967,0,,,,,
95.0,0,,,,,
95.033,0,,,,,
95.067,0,,,,,
95.1,0,,,,,
95.133,0,,,,,
95.167,0,,,,,
95.2,0,,,,,
95.233,0,,,,,
95.267,0,,,,,
95.3,0,,,,,
95.333,0,,,,,
95.367,0,,,,,
95.4,0,,,,,
95.433,0,,,,,
95.467,0,,,,,
95.5,0,,,,,
95.533,0,,,,,
95.567,0,,,,,
95.6,0,,,,,
95.633,0,,,,,
95.667,0,,,,,
95.7,0,,,,,
95.733,0,,,,,
95.767,0,,,,,
95.8,0,,,,,
95.833,0,,,,,
95.867,0,,,,,
95.9,0,,,,,
95.933,0,,,,,
95.967,0,,,,,
96.0,0,,,,,
96.033,0,,,,,
96.067,0,,,,,
96.1,0,,,,,
96.133,0,,,,,
96.167,0,,,,,
96.2,0,,,,,
96.233,0,,,,,
96.267,0,,,,,
96.3,0,,,,,
96.333,0,,,,,
96.367,0,,,,,
96.4,0,,,,,
96.433,0,,,,,
96.467,0,,,,,
96.5,0,,,,,
96.533,0,,,,,
96.567,0,,,,,
96.6,0,,,,,
96.633,0,,,,,
96.667,0,,,,,
96.7,0,,,,,
96.733,0,,,,,
96.767,0,,,,,
96.8,0,,,,,
96.833,0,,,,,
96.867,0,,,,,
96.9,0,,,,,
96.933,0,,,,,
96.967,0,,,,,
97.0,0,,,,,
97.033,0,,,,,
97.067,0,,,,,
97.1,0,,,,,
97.133,0,,,,,
97.167,0,,,,,
97.2,0,,,,,
97.233,0,,,,,
97.267,0,,,,,
97.3,0,,,,,
97.333,0,,,,,
97.367,0,,,,,
97.4,0,,,,,
97.433,0,,,,,
97.467,0,,,,,
97.5,0,,,,,
97.533,0,,,,,
97.567,0,,,,,
97.6,0,,,,,
97.633,0,,,,,
97.667,0,,,,,
97.7,0,,,,,
97.733,0,,,,,
97.767,0,,,,,
97.8,0,,,,,
97.833,0,,,,,
97.867,0,,,,,
97.9,0,,,,,
97.933,0,,,,,
97.967,0,,,,,
98.0,0,,,,,
98.033,0,,,,,
98.067,0,,,,,
98.1,0,,,,,
98.133,0,,,,,
98.167,0,,,,,
98.2,0,,,,,
98.233,0,,,,,
98.267,0,,,,,
98.3,0,,,,,
98.333,0,,,,,
98.367,0,,,,,
98.4,0,,,,,
98.433,0,,,,,
98.467,0,,,,,
98.5,0,,,,,
98.533,0,,,,,
98.567,0,,,,,
98.6,0,,,,,
98.633,0,,,,,
98.667,0,,,,,
98.7,0,,,,,
98.733,0,,,,,
98.767,0,,,,,
98.8,0,,,,,
98.833,0,,,,,
98.867,0,,,,,
98.9,0,,,,,
98.933,0,,,,,
98.967,0,,,,,
99.0,0,,,,,
99.033,0,,,,,
99.067,0,,,,,
99.1,0,,,,,
99.133,0,,,,,
99.167,0,,,,,
99.2,0,,,,,
99.233,0,,,,,
99.267,0,,,,,
99.3,0,,,,,
99.333,0,,,,,
99.367,0,,,,,
99.4,0,,,,,
99.433,0,,,,,
99.467,0,,,,,
99.5,0,,,,,
99.533,0,,,,,
99.567,0,,,,,
99.6,0,,,,,
99.633,0,,,,,
99.667,0,,,,,
99.7,0,,,,,
99.733,0,,,,,
99.767,0,,,,,
99.8,0,,,,,
99.833,0,,,,,
99.867,0,,,,,
99.9,0,,,,,
99.933,0,,,,,
99.967,0,,,,,
100.0,0,,,,,
100.033,1,-44.57,23.1,3.04,9.31,83
100.067,1,-44.47,23.46,3.04,9.31,83
100.1,1,-44.36,23.77,3.04,9.31,83
100.133,1,-44.27,24.02,3.04,9.31,83
100.167,1,-44.06,24.45,6.05,11.73,84
100.2,1,-43.82,24.91,6.05,11.73,84
100.233,1,-43.67,25.22,6.05,11.73,84
100.267,1,-43.46,25.62,6.05,11.73,84
100.3,1,-43.15,26.12,10.43,15.49,85
100.333,1,-42.85,26.57,10.43,15.49,85
100.367,1,-42.49,27.11,10.43,15.49,85
100.4,1,-42.07,27.72,-1.51,-3.18,86
100.433,1,-41.73,28.2,-1.51,-3.18,86
100.467,1,-41.42,28.68,-1.51,-3.18,86
100.5,1,-41.1,29.17,-1.51,-3.18,86
100.533,1,-40.78,29.66,-1.51,-3.18,86
100.567,1,-41.38,28.66,-1.51,-3.18,86
100.6,1,-41.79,27.95,-1.51,-3.18,86
100.633,1,-42.05,27.52,-1.51,-3.18,86
100.667,1,-42.33,27.04,-1.51,-3.18,86
100.7,1,-42.47,26.78,-1.37,-5.06,87
100.733,1,-42.61,26.52,-1.37,-5.06,87
100.767,1,-42.95,25.83,-1.37,-5.06,87
100.8,1,-43.16,25.41,-1.37,-5.06,87
100.833,1,-43.26,25.15,-1.37,-5.06,87
100.867,1,-43.32,24.94,-1.37,-5.06,87
100.9,1,-43.32,24.77,-1.37,-5.06,87
100.933,1,-43.28,24.71,-1.37,-5.06,87
100.967,1,-43.34,24.51,-1.37,-5.06,87
101.0,1,-43.39,24.3,-1.37,-5.06,87
101.033,1,-43.25,24.55,-1.37,-5.06,87
101.067,1,-43.25,24.46,-0.22,-2.86,
101.1,1,-43.26,24.36,-0.22,-2.86,
101.133,1,-43.27,24.27,-0.22,-2.86,
101.167,1,-43.28,24.17,-0.22,-2.86,
101.2,1,-43.28,24.08,-0.22,-2.86,
101.233,0,,,,,
101.267,0,,,,,
101.3,0,,,,,
101.333,0,,,,,
101.367,0,,,,,
101.4,0,,,,,
101.433,0,,,,,
101.467,0,,,,,
101.5,0,,,,,
101.533,0,,,,,
101.567,0,,,,,
101.6,0,,,,,
101.633,0,,,,,
101.667,0,,,,,
101.7,0,,,,,
101.733,0,,,,,
101.767,0,,,,,
101.8,0,,,,,
101.833,0,,,,,
101.867,0,,,,,
101.9,1,-32.03,23.18,-3.25,-1.1,88
101.933,1,-32.11,23.19,-3.25,-1.1,88
101.967,1,-32.33,23.08,-3.25,-1.1,88
102.0,1,-32.51,22.99,-3.25,-1.1,88
102.033,1,-32.45,23.04,-3.25,-1.1,88
102.067,1,-32.55,23.01,0.0,0.0,
102.1,1,-32.64,22.97,0.0,0.0,
102.133,1,-32.73,22.94,-2.73,-1.07,
102.167,1,-32.82,22.9,-2.73,-1.07,
102.2,1,-32.91,22.87,-2.73,-1.07,
102.233,0,,,,,
102.267,0,,,,,
102.3,0,,,,,
102.333,0,,,,,
102.367,0,,,,,
102.4,0,,,,,
102.433,0,,,,,
102.467,0,,,,,
102.5,0,,,,,
102.533,0,,,,,
102.567,0,,,,,
102.6,1,-46.12,17.14,0.0,0.0,
102.633,1,-46.26,16.84,-3.72,-10.37,89
102.667,1,-46.34,16.47,-3.72,-10.37,89
102.7,1,-46.62,15.8,-3.72,-10.37,89
102.733,1,-46.78,15.37,-3.72,-10.37,89
102.767,1,-46.96,14.91,-3.72,-10.37,89
102.8,1,-47.17,14.37,-3.72,-10.37,89
102.833,1,-47.3,14.01,-3.72,-10.37,89
102.867,1,-47.42,13.63,-3.72,-10.37,89
102.9,1,-47.57,13.19,-3.72,-10.37,89
102.933,1,-47.68,12.87,-3.72,-10.37,89
102.967,1,-47.81,12.46,-3.72,-10.37,89
103.0,1,-47.94,12.05,-3.72,-10.37,89
103.033,1,-48.07,11.7,-3.72,-10.37,89
103.067,1,-48.2,11.35,-3.72,-10.37,89
103.1,1,-48.35,10.97,-3.72,-10.37,89
103.133,1,-48.45,10.67,-3.72,-10.37,89
103.167,1,-48.56,10.35,-3.72,-10.37,89
103.2,1,-48.67,10.03,-3.72,-10.37,89
103.233,1,-48.78,9.75,-3.72,-10.37,89
103.267,1,-48.89,9.43,-3.72,-10.37,89
103.3,1,-49.02,9.11,-3.72,-10.37,89
103.333,1,-49.12,8.87,-3.72,-10.37,89
103.367,1,-49.2,8.62,-3.72,-10.37,89
103.4,1,-49.31,8.3,-3.72,-10.37,89
103.433,1,-49.4,8.06,-3.72,-10.37,89
103.467,1,-49.51,7.77,-3.72,-10.37,89
103.5,1,-49.64,7.44,-3.72,-10.37,89
103.533,1,-49.71,7.22,-3.72,-10.37,89
103.567,1,-49.8,6.96,-3.72,-10.37,89
103.6,1,-49.91,6.64,-3.04,-8.52,
103.633,1,-49.97,6.46,-2.59,-7.54,
103.667,1,-50.05,6.21,-2.59,-7.54,
103.7,1,-50.14,5.96,-2.59,-7.54,
103.733,1,-50.22,5.71,-2.59,-7.54,
103.767,1,-50.31,5.46,-2.59,-7.54,
103.8,1,-50.4,5.21,-2.59,-7.54,
103.833,1,-50.48,4.96,-2.59,-7.54,
103.867,0,,,,,
103.9,0,,,,,
103.933,0,,,,,
103.967,0,,,,,
104.0,0,,,,,
104.033,0,,,,,
104.067,0,,,,,
104.1,0,,,,,
104.133,0,,,,,
104.167,0,,,,,
104.2,0,,,,,
104.233,0,,,,,
104.267,0,,,,,
104.3,0,,,,,
104.333,0,,,,,
104.367,0,,,,,
104.4,0,,,,,
104.433,0,,,,,
104.467,0,,,,,
104.5,0,,,,,
104.533,0,,,,,
104.567,0,,,,,
104.6,0,,,,,
104.633,0,,,,,
104.667,0,,,,,
104.7,0,,,,,
104.733,0,,,,,
104.767,0,,,,,
104.8,0,,,,,
104.833,0,,,,,
104.867,0,,,,,
104.9,0,,,,,
104.933,0,,,,,
104.967,0,,,,,
105.0,0,,,,,
105.033,0,,,,,
105.067,0,,,,,
105.1,0,,,,,
105.133,0,,,,,
105.167,0,,,,,
105.2,0,,,,,
105.233,0,,,,,
105.267,0,,,,,
105.3,0,,,,,
105.333,0,,,,,
105.367,0,,,,,
105.4,0,,,,,
105.433,0,,,,,
105.467,0,,,,,
105.5,0,,,,,
105.533,0,,,,,
105.567,0,,,,,
105.6,0,,,,,
105.633,0,,,,,
105.667,0,,,,,
105.7,0,,,,,
105.733,0,,,,,
105.767,0,,,,,
105.8,0,,,,,
105.833,0,,,,,
105.867,0,,,,,
105.9,0,,,,,
105.933,0,,,,,
105.967,0,,,,,
106.0,0,,,,,
106.033,0,,,,,
106.067,0,,,,,
106.1,0,,,,,
106.133,0,,,,,
106.167,0,,,,,
106.2,0,,,,,
106.233,0,,,,,
106.267,0,,,,,
106.3,0,,,,,
106.333,0,,,,,
106.367,0,,,,,
106.4,0,,,,,
106.433,0,,,,,
106.467,0,,,,,
106.5,0,,,,,
106.533,0,,,,,
106.567,0,,,,,
106.6,0,,,,,
106.633,0,,,,,
106.667,0,,,,,
106.7,0,,,,,
106.733,0,,,,,
106.767,0,,,,,
106.8,0,,,,,
106.833,1,-26.1,-13.62,0.0,0.0,
106.867,1,-25.61,-12.56,0.0,0.0,
106.9,1,-25.12,-11.5,0.0,0.0,
106.933,1,-24.64,-10.44,0.0,0.0,
106.967,1,-24.15,-9.38,0.0,0.0,
107.0,1,-23.65,-8.32,0.0,0.0,
107.033,0,,,,,
107.067,0,,,,,
107.1,0,,,,,
107.133,0,,,,,
107.167,0,,,,,
107.2,0,,,,,
107.233,0,,,,,
107.267,0,,,,,
107.3,0,,,,,
107.333,0,,,,,
107.367,0,,,,,
107.4,0,,,,,
107.433,0,,,,,
107.467,1,-7.73,28.15,1.66,11.74,90
107.5,1,-7.51,29.0,1.66,11.74,90
107.533,1,-7.57,28.95,1.66,11.74,90
107.567,1,-7.49,29.43,1.66,11.74,90
107.6,1,-7.42,29.86,1.66,11.74,90
107.633,1,-7.39,30.19,1.66,11.74,90
107.667,1,-7.35,30.61,1.66,11.74,90
107.7,1,-7.29,31.12,-1.54,0.4,91
107.733,1,-7.27,31.47,-1.54,0.4,91
107.767,1,-7.3,31.53,-1.54,0.4,91
107.8,1,-7.37,31.48,-1.54,0.4,91
107.833,1,-7.43,31.4,-1.54,0.4,91
107.867,1,-7.51,31.27,-1.54,0.4,91
107.9,1,-7.59,31.19,-1.54,0.4,91
107.933,1,-7.65,31.15,-1.54,0.4,91
107.967,1,-7.73,31.07,-1.54,0.4,91
108.0,1,-7.79,31.08,-1.54,0.4,91
108.033,1,-7.83,31.16,-1.54,0.4,91
108.067,1,-7.87,31.26,-1.54,0.4,91
108.1,0,,,,,
108.133,0,,,,,
108.167,0,,,,,
108.2,0,,,,,
108.233,0,,,,,
108.267,0,,,,,
108.3,0,,,,,
108.333,0,,,,,
108.367,1,-7.97,32.81,-1.21,0.83,92
108.4,1,-8.02,32.81,-1.21,0.83,92
108.433,1,-8.05,32.86,-1.21,0.83,92
108.467,1,-8.09,32.89,-1.21,0.83,92
108.5,1,-8.13,32.96,0.0,0.0,
108.533,1,-8.16,33.01,-12.63,-12.04,93
108.567,1,-8.18,33.11,-12.63,-12.04,93
108.6,1,-8.2,33.26,-12.63,-12.04,93
108.633,1,-8.21,33.41,-12.63,-12.04,93
108.667,1,-8.23,33.52,-12.63,-12.04,93
108.7,1,-8.26,33.63,-12.63,-12.04,93
108.733,1,-8.28,33.74,-12.63,-12.04,93
108.767,1,-8.3,33.85,-12.63,-12.04,93
108.8,1,-9.03,32.94,-12.63,-12.04,93
108.833,1,-9.76,32.03,-21.8,-19.01,94
108.867,1,-10.51,31.14,-21.8,-19.01,94
108.9,1,-11.27,30.25,-21.8,-19.01,94
108.933,1,-12.04,29.37,-21.8,-19.01,94
108.967,1,-12.82,28.5,-21.8,-19.01,94
109.0,1,-13.62,27.66,-21.8,-19.01,94
109.033,1,-14.43,26.82,-21.8,-19.01,94
109.067,1,-15.24,25.98,-21.8,-19.01,94
109.1,1,-16.05,25.14,-21.8,-19.01,94
109.133,1,-16.86,24.3,-21.8,-19.01,94
109.167,1,-17.74,23.53,-21.8,-19.01,94
109.2,1,-18.62,22.76,-21.8,-19.01,94
109.233,1,-19.51,22.01,-21.8,-19.01,94
109.267,1,-20.41,21.27,-21.8,-19.01,94
109.3,1,-21.34,20.56,-21.8,-19.01,94
109.333,1,-22.28,19.88,-21.8,-19.01,94
109.367,1,-23.26,19.23,-21.8,-19.01,94
109.4,0,,,,,
109.433,0,,,,,
109.467,0,,,,,
109.5,0,,,,,
109.533,0,,,,,
109.567,0,,,,,
109.6,0,,,,,
109.633,0,,,,,
109.667,0,,,,,
109.7,0,,,,,
109.733,0,,,,,
109.767,0,,,,,
109.8,0,,,,,
109.833,0,,,,,
109.867,0,,,,,
109.9,0,,,,,
109.933,0,,,,,
109.967,0,,,,,
110.0,0,,,,,
110.033,0,,,,,
110.067,0,,,,,
110.1,0,,,,,
110.133,0,,,,,
110.167,0,,,,,
110.2,0,,,,,
110.233,0,,,,,
110.267,0,,,,,
110.3,0,,,,,
110.333,0,,,,,
110.367,0,,,,,
110.4,0,,,,,
110.433,0,,,,,
110.467,0,,,,,
110.5,0,,,,,
110.533,0,,,,,
110.567,0,,,,,
110.6,0,,,,,
110.633,0,,,,,
110.667,0,,,,,
110.7,0,,,,,
110.733,0,,,,,
110.767,0,,,,,
110.8,0,,,,,
110.833,0,,,,,
110.867,0,,,,,
110.9,0,,,,,
110.933,0,,,,,
110.967,0,,,,,
111.0,0,,,,,
111.033,0,,,,,
111.067,0,,,,,
111.1,0,,,,,
111.133,1,-18.72,17.79,6.58,-11.61,95
111.167,1,-18.46,17.33,6.58,-11.61,95
111.2,1,-18.28,16.84,6.58,-11.61,95
111.233,1,-18.14,16.53,6.58,-11.61,95
111.267,1,-17.91,16.15,6.58,-11.61,95
111.3,1,-17.62,15.81,6.58,-11.61,95
111.333,0,,,,,
111.367,0,,,,,
111.4,0,,,,,
111.433,0,,,,,
111.467,0,,,,,
111.5,0,,,,,
111.533,0,,,,,
111.567,0,,,,,
111.6,1,-15.29,14.52,0.0,0.0,
111.633,1,-15.19,14.37,0.0,0.0,
111.667,1,-15.18,14.36,0.0,0.0,
111.7,1,-15.16,14.35,0.0,0.0,
111.733,1,-15.15,14.33,0.0,0.0,
111.767,1,-15.14,14.32,0.0,0.0,
111.8,1,-15.13,14.3,0.32,-0.44,
111.833,1,-14.17,13.64,11.61,1.09,96
111.867,1,-13.14,13.1,11.61,1.09,96
111.9,1,-12.59,13.02,11.61,1.09,96
111.933,1,-12.25,13.04,11.61,1.09,96
111.967,1,-11.86,13.09,11.61,1.09,96
112.0,1,-11.41,13.37,12.12,8.82,97
112.033,1,-11.02,13.42,12.12,8.82,97
112.067,1,-10.63,13.48,12.12,8.82,97
112.1,1,-10.11,14.01,12.12,8.82,97
112.133,1,-9.77,14.31,12.12,8.82,97
112.167,1,-9.34,14.67,12.12,8.82,97
112.2,1,-8.87,15.06,12.12,8.82,97
112.233,1,-8.48,15.44,12.12,8.82,97
112.267,1,-8.07,15.75,12.12,8.82,97
112.3,1,-7.56,16.54,12.12,8.82,97
112.333,1,-7.2,17.0,12.12,8.82,97
112.367,1,-6.89,17.03,12.12,8.82,97
112.4,1,-6.53,16.97,12.12,8.82,97
112.433,1,-6.29,16.69,9.81,-0.93,98
112.467,1,-6.01,16.44,9.81,-0.93,98
112.5,1,-5.7,16.15,9.81,-0.93,98
112.533,1,-5.47,15.82,9.81,-0.93,98
112.567,1,-5.14,15.77,9.81,-0.93,98
112.6,1,-4.81,15.81,9.81,-0.93,98
112.633,1,-4.5,15.98,-1.32,-2.63,99
112.667,1,-4.31,16.01,-1.32,-2.63,99
112.7,1,-4.26,15.94,-1.32,-2.63,99
112.733,1,-4.3,15.9,-1.32,-2.63,99
112.767,1,-4.44,15.71,-1.32,-2.63,99
112.8,1,-4.65,15.7,-1.32,-2.63,99
112.833,1,-4.79,15.63,-1.71,3.72,100
112.867,1,-4.94,15.7,-1.71,3.72,100
112.9,1,-5.07,15.85,-1.71,3.72,100
112.933,1,-5.16,16.01,-1.71,3.72,100
112.967,0,,,,,
113.0,0,,,,,
113.033,0,,,,,
113.067,0,,,,,
113.1,0,,,,,
113.133,0,,,,,
113.167,0,,,,,
113.2,0,,,,,
113.233,1,-4.95,17.66,3.77,6.13,101
113.267,1,-4.81,17.87,3.77,6.13,101
113.3,1,-4.66,18.03,3.77,6.13,101
113.333,1,-4.58,18.26,3.77,6.13,101
113.367,1,-4.43,18.54,4.36,9.18,102
113.4,1,-4.27,18.9,4.36,9.18,102
113.433,1,-4.15,19.16,4.36,9.18,102
113.467,1,-4.0,19.48,4.36,9.18,102
113.5,1,-3.84,19.96,4.61,13.2,103
113.533,1,-3.71,20.37,4.61,13.2,103
113.567,1,-3.54,20.69,4.61,13.2,103
113.6,1,-3.37,21.2,4.61,13.2,103
113.633,1,-3.24,21.67,4.61,13.2,103
113.667,1,-3.08,22.37,4.61,13.2,103
113.7,1,-2.91,23.2,4.61,13.2,103
113.733,1,-2.75,23.74,4.61,13.2,103
113.767,1,-2.59,23.76,4.61,13.2,103
113.8,1,-2.45,23.87,4.61,13.2,103
113.833,1,-2.34,23.86,4.29,1.02,104
113.867,1,-2.22,23.78,4.29,1.02,104
113.9,1,-2.07,23.75,4.29,1.02,104
113.933,1,-1.95,23.69,4.29,1.02,104
113.967,1,-1.82,23.74,4.23,6.56,105
114.0,1,-1.67,23.92,4.23,6.56,105
114.033,1,-1.55,24.04,4.23,6.56,105
114.067,1,-1.41,24.28,4.23,6.56,105
114.1,1,-1.27,24.42,4.07,4.17,
114.133,1,-1.14,24.56,4.07,4.17,
114.167,1,-1.0,24.7,4.07,4.17,
114.2,1,-0.87,24.84,4.07,4.17,
114.233,1,-0.73,24.98,4.07,4.17,
114.267,0,,,,,
114.3,0,,,,,
114.333,0,,,,,
114.367,0,,,,,
114.4,0,,,,,
114.433,0,,,,,
114.467,0,,,,,
114.5,0,,,,,
114.533,0,,,,,
114.567,0,,,,,
114.6,0,,,,,
114.633,1,1.38,26.57,15.0,-11.05,106
114.667,1,1.99,26.21,15.0,-11.05,106
114.7,1,2.5,25.78,15.0,-11.05,106
114.733,1,2.8,25.48,15.0,-11.05,106
114.767,1,3.4,25.1,15.0,-11.05,106
114.8,1,4.02,24.77,0.0,0.0,
114.833,1,4.48,24.59,0.0,0.0,
114.867,1,4.97,24.3,14.92,-8.67,
114.9,1,5.47,24.01,14.92,-8.67,
114.933,1,5.97,23.72,14.92,-8.67,
114.967,1,6.47,23.44,14.92,-8.67,
115.0,1,6.96,23.15,14.92,-8.67,
115.033,0,,,,,
115.067,0,,,,,
115.1,0,,,,,
115.133,0,,,,,
115.167,0,,,,,
115.2,0,,,,,
115.233,0,,,,,
115.267,0,,,,,
115.3,0,,,,,
115.333,0,,,,,
115.367,0,,,,,
115.4,0,,,,,
115.433,0,,,,,
115.467,0,,,,,
115.5,0,,,,,
115.533,0,,,,,
115.567,0,,,,,
115.6,0,,,,,
115.633,0,,,,,
115.667,0,,,,,
115.7,0,,,,,
115.733,0,,,,,
115.767,0,,,,,
115.8,0,,,,,
115.833,0,,,,,
115.867,0,,,,,
115.9,0,,,,,
115.933,0,,,,,
115.967,0,,,,,
116.0,0,,,,,
116.033,0,,,,,
116.067,0,,,,,
116.1,0,,,,,
116.133,0,,,,,
116.167,0,,,,,
116.2,0,,,,,
116.233,0,,,,,
116.267,0,,,,,
116.3,0,,,,,
116.333,0,,,,,
116.367,1,21.22,16.6,7.57,-3.82,107
116.4,1,21.55,16.37,7.57,-3.82,107
116.433,1,21.68,16.31,7.57,-3.82,107
116.467,1,21.98,16.12,7.57,-3.82,107
116.5,1,22.28,16.03,7.57,-3.82,107
116.533,1,22.49,15.93,7.57,-3.82,107
116.567,0,,,,,
116.6,0,,,,,
116.633,0,,,,,
116.667,0,,,,,
116.7,0,,,,,
116.733,1,23.97,15.25,6.25,-1.48,108
116.767,1,24.2,15.17,6.25,-1.48,108
116.8,1,24.49,15.05,6.25,-1.48,108
116.833,1,24.71,14.95,6.25,-1.48,108
116.867,1,24.98,14.85,6.25,-1.48,108
116.9,1,25.2,14.86,6.25,-1.48,108
116.933,1,25.3,15.0,6.25,-1.48,108
116.967,1,25.44,15.08,6.25,-1.48,108
117.0,1,25.67,15.02,6.25,-1.48,108
117.033,1,25.93,14.86,6.25,-1.48,108
117.067,1,26.14,14.78,6.25,-1.48,108
117.1,1,26.4,14.63,6.25,-1.48,108
117.133,1,26.69,14.43,6.25,-1.48,108
117.167,1,26.81,14.55,6.25,-1.48,108
117.2,1,26.96,14.66,6.25,-1.48,108
117.233,1,27.2,14.53,6.25,-1.48,108
117.267,1,27.4,14.5,6.25,-1.48,108
117.3,1,27.62,14.48,6.25,-1.48,108
117.333,1,27.8,14.47,6.25,-1.48,108
117.367,1,28.1,14.58,6.25,-1.48,108
117.4,1,28.4,14.63,6.25,-1.48,108
117.433,1,28.66,14.6,6.25,-1.48,108
117.467,1,28.91,14.52,6.25,-1.48,108
117.5,1,29.17,14.45,6.25,-1.48,108
117.533,1,29.32,14.41,6.25,-1.48,108
117.567,1,29.57,14.26,6.25,-1.48,108
117.6,1,29.8,14.13,6.25,-1.48,108
117.633,1,29.97,14.06,6.25,-1.48,108
117.667,1,30.18,13.97,6.25,-1.48,108
117.7,1,30.38,13.9,6.25,-1.48,108
117.733,1,30.55,13.85,6.25,-1.48,108
117.767,1,30.67,13.86,6.25,-1.48,108
117.8,1,30.89,13.77,6.25,-1.48,108
117.833,1,31.06,13.71,6.25,-1.48,108
117.867,1,31.21,13.71,6.25,-1.48,108
117.9,1,31.39,13.64,6.25,-1.48,108
117.933,1,31.54,13.58,6.25,-1.48,108
117.967,1,31.79,13.42,6.25,-1.48,108
118.0,1,32.07,13.26,6.25,-1.48,108
118.033,1,32.24,13.22,6.25,-1.48,108
118.067,1,32.44,13.16,6.25,-1.48,108
118.1,1,32.53,13.19,6.25,-1.48,108
118.133,1,32.74,13.04,6.25,-1.48,108
118.167,1,32.89,13.03,6.25,-1.48,108
118.2,1,33.13,12.93,6.25,-1.48,108
118.233,1,33.23,12.96,6.25,-1.48,108
118.267,1,33.39,12.92,4.91,-1.23,
118.3,1,33.55,12.87,4.91,-1.23,
118.333,1,33.72,12.83,4.91,-1.23,
118.367,1,33.88,12.79,4.91,-1.23,
118.4,1,34.05,12.75,4.91,-1.23,
118.433,0,,,,,
118.467,0,,,,,
118.5,0,,,,,
118.533,0,,,,,
118.567,0,,,,,
118.6,0,,,,,
118.633,0,,,,,
118.667,1,37.67,6.99,0.0,0.0,
118.7,1,37.89,6.63,0.0,0.0,
118.733,1,38.0,6.47,7.76,-13.59,109
118.767,1,38.2,6.11,7.76,-13.59,109
118.8,1,38.56,5.51,7.76,-13.59,109
118.833,1,38.82,5.04,7.76,-13.59,109
118.867,1,39.19,4.4,7.76,-13.59,109
118.9,1,39.57,3.73,7.76,-13.59,109
118.933,1,39.86,3.26,7.76,-13.59,109
118.967,1,40.15,2.76,7.76,-13.59,109
119.0,1,40.42,2.29,7.76,-13.59,109
119.033,1,40.58,2.01,7.76,-13.59,109
119.067,1,40.71,1.74,7.76,-13.59,109
119.1,1,40.85,1.47,7.76,-13.59,109
119.133,0,,,,,
119.167,0,,,,,
119.2,0,,,,,
119.233,1,41.46,0.3,0.0,0.0,
119.267,1,41.64,-0.09,4.83,-9.8,110
119.3,1,41.92,-0.64,4.83,-9.8,110
119.333,1,42.21,-1.19,4.83,-9.8,110
119.367,1,42.31,-1.49,4.83,-9.8,110
119.4,1,42.51,-1.9,4.83,-9.8,110
119.433,1,42.63,-2.17,4.83,-9.8,110
119.467,1,42.78,-2.49,4.83,-9.8,110
119.5,1,42.94,-2.82,4.83,-9.8,110
119.533,1,43.11,-3.12,4.83,-9.8,110
119.567,1,43.26,-3.43,4.83,-9.8,110
119.6,1,43.43,-3.78,4.83,-9.8,110
119.633,1,43.57,-4.07,4.83,-9.8,110
119.667,1,43.71,-4.37,4.83,-9.8,110
119.7,1,43.93,-4.79,4.83,-9.8,110
119.733,1,44.13,-5.16,4.83,-9.8,110
119.767,1,44.31,-5.51,4.83,-9.8,110
119.8,1,44.49,-5.86,4.83,-9.8,110
119.833,1,44.67,-6.22,4.83,-9.8,110
119.867,1,44.79,-6.46,4.83,-9.8,110
119.9,1,44.91,-6.71,4.83,-9.8,110
119.933,1,45.0,-6.92,4.83,-9.8,110
119.967,1,45.1,-7.14,4.83,-9.8,110
120.0,1,45.23,-7.4,3.87,-7.92,
120.033,1,45.36,-7.66,3.87,-7.92,
120.067,1,45.49,-7.93,3.87,-7.92,
120.1,1,45.62,-8.19,3.87,-7.92,
120.133,1,45.75,-8.46,3.87,-7.92,
120.167,0,,,,,
120.2,0,,,,,
120.233,0,,,,,
120.267,0,,,,,
120.3,0,,,,,
120.333,0,,,,,
120.367,0,,,,,
120.4,0,,,,,
120.433,0,,,,,
120.467,0,,,,,
120.5,0,,,,,
120.533,0,,,,,
120.567,0,,,,,
120.6,0,,,,,
120.633,0,,,,,
120.667,0,,,,,
120.7,0,,,,,
120.733,0,,,,,
120.767,0,,,,,
120.8,0,,,,,
120.833,0,,,,,
120.867,0,,,,,
120.9,0,,,,,
120.933,0,,,,,
120.967,0,,,,,
121.0,0,,,,,
121.033,0,,,,,
121.067,0,,,,,
121.1,0,,,,,
121.133,0,,,,,
121.167,0,,,,,
121.2,0,,,,,
121.233,0,,,,,
121.267,0,,,,,
121.3,0,,,,,
121.333,0,,,,,
121.367,0,,,,,
121.4,0,,,,,
121.433,0,,,,,
121.467,0,,,,,
121.5,0,,,,,
121.533,0,,,,,
121.567,0,,,,,
121.6,0,,,,,
121.633,0,,,,,
121.667,0,,,,,
121.7,0,,,,,
121.733,0,,,,,
121.767,0,,,,,
121.8,0,,,,,
121.833,0,,,,,
121.867,0,,,,,
121.9,0,,,,,
121.933,0,,,,,
121.967,0,,,,,
122.0,0,,,,,
122.033,0,,,,,
122.067,0,,,,,
122.1,0,,,,,
122.133,0,,,,,
122.167,0,,,,,
122.2,0,,,,,
122.233,0,,,,,
122.267,0,,,,,
122.3,0,,,,,
122.333,0,,,,,
122.367,0,,,,,
122.4,0,,,,,
122.433,0,,,,,
122.467,0,,,,,
122.5,0,,,,,
122.533,0,,,,,
122.567,0,,,,,
122.6,0,,,,,
122.633,0,,,,,
122.667,0,,,,,
122.7,0,,,,,
122.733,0,,,,,
122.767,0,,,,,
122.8,0,,,,,
122.833,0,,,,,
122.867,0,,,,,
122.9,0,,,,,
122.933,0,,,,,
122.967,0,,,,,
123.0,0,,,,,
123.033,0,,,,,
123.067,0,,,,,
123.1,0,,,,,
123.133,0,,,,,
123.167,0,,,,,
123.2,0,,,,,
123.233,0,,,,,
123.267,0,,,,,
123.3,0,,,,,
123.333,0,,,,,
123.367,0,,,,,
123.4,0,,,,,
123.433,0,,,,,
123.467,0,,,,,
123.5,0,,,,,
123.533,0,,,,,
123.567,0,,,,,
123.6,0,,,,,
123.633,0,,,,,
123.667,0,,,,,
123.7,0,,,,,
123.733,0,,,,,
123.767,0,,,,,
123.8,0,,,,,
123.833,0,,,,,
123.867,0,,,,,
123.9,0,,,,,
123.933,0,,,,,
123.967,0,,,,,
124.0,0,,,,,
124.033,0,,,,,
124.067,0,,,,,
124.1,0,,,,,
124.133,0,,,,,
124.167,0,,,,,
124.2,0,,,,,
124.233,0,,,,,
124.267,0,,,,,
124.3,0,,,,,
124.333,0,,,,,
124.367,0,,,,,
124.4,0,,,,,
124.433,0,,,,,
124.467,0,,,,,
124.5,0,,,,,
124.533,0,,,,,
124.567,0,,,,,
124.6,0,,,,,
124.633,0,,,,,
124.667,0,,,,,
124.7,0,,,,,
124.733,0,,,,,
124.767,0,,,,,
124.8,0,,,,,
124.833,0,,,,,
124.867,0,,,,,
124.9,0,,,,,
124.933,0,,,,,
124.967,0,,,,,
